HT,HPTS,HP,HW,HC,VT,VPTS,VP,VW,VC,RET
CLE,9048,11818.941,0.579,0.622,BOS,8857,10118.253,0.415,0.6459999999999999,1
GSW,9503,10985.374,0.579,0.8170000000000001,HOU,9458,11505.219,0.415,0.6709999999999999,-1
BOS,8857,10118.253,0.579,0.6459999999999999,MIL,8497,9548.466999999999,0.415,0.512,-1
DAL,8029,8965.266,0.579,0.402,ATL,8459,7819.476,0.415,0.524,-1
DET,8309,9665.3,0.579,0.451,CHO,8601,9854.734,0.415,0.439,1
IND,8618,8707.464,0.579,0.512,BRK,8673,8642.961,0.415,0.244,1
MEM,8239,8101.665,0.579,0.524,NOP,8556,9374.789,0.415,0.415,1
ORL,8288,8610.673,0.579,0.354,MIA,8460,9959.973,0.415,0.5,1
PHO,8831,8519.06,0.579,0.293,POR,8851,9242.277,0.415,0.518,-1
SAC,8430,7683.94,0.579,0.39,HOU,9458,11505.219,0.415,0.6709999999999999,-1
SAS,8637,8867.79,0.579,0.7440000000000001,MIN,8657,10216.868,0.415,0.37799999999999995,1
UTA,8258,9237.843,0.579,0.622,DEN,9161,9846.373,0.415,0.488,1
WAS,8953,9530.891,0.579,0.573,PHI,8400,9261.556999999999,0.415,0.341,1
LAL,8575,9934.864,0.579,0.317,LAC,8911,10960.425,0.415,0.622,-1
OKC,8741,9474.283000000001,0.579,0.573,NYK,8556,8760.896999999999,0.415,0.37799999999999995,1
TOR,8762,8777.806,0.579,0.652,CHI,8435,7633.666,0.415,0.5,1
BRK,8673,8642.961,0.579,0.244,ORL,8288,8610.673,0.415,0.354,1
CHO,8601,9854.734,0.579,0.439,ATL,8459,7819.476,0.415,0.524,1
DAL,8029,8965.266,0.579,0.402,SAC,8430,7683.94,0.415,0.39,-1
IND,8618,8707.464,0.579,0.512,POR,8851,9242.277,0.415,0.518,-1
MIL,8497,9548.466999999999,0.579,0.512,CLE,9048,11818.941,0.415,0.622,-1
MIN,8657,10216.868,0.579,0.37799999999999995,UTA,8258,9237.843,0.415,0.622,1
NOP,8556,9374.789,0.579,0.415,GSW,9503,10985.374,0.415,0.8170000000000001,-1
PHI,8400,9261.556999999999,0.579,0.341,BOS,8857,10118.253,0.415,0.6459999999999999,-1
PHO,8831,8519.06,0.579,0.293,LAL,8575,9934.864,0.415,0.317,-1
WAS,8953,9530.891,0.579,0.573,DET,8309,9665.3,0.415,0.451,1
CHI,8435,7633.666,0.579,0.5,SAS,8637,8867.79,0.415,0.7440000000000001,-1
CLE,9048,11818.941,0.579,0.622,ORL,8288,8610.673,0.415,0.354,-1
DEN,9161,9846.373,0.579,0.488,SAC,8430,7683.94,0.415,0.39,1
HOU,9458,11505.219,0.579,0.6709999999999999,DAL,8029,8965.266,0.415,0.402,1
LAC,8911,10960.425,0.579,0.622,PHO,8831,8519.06,0.415,0.293,1
MEM,8239,8101.665,0.579,0.524,GSW,9503,10985.374,0.415,0.8170000000000001,1
MIA,8460,9959.973,0.579,0.5,IND,8618,8707.464,0.415,0.512,1
MIL,8497,9548.466999999999,0.579,0.512,POR,8851,9242.277,0.415,0.518,1
NYK,8556,8760.896999999999,0.579,0.37799999999999995,DET,8309,9665.3,0.415,0.451,-1
TOR,8762,8777.806,0.579,0.652,PHI,8400,9261.556999999999,0.415,0.341,1
UTA,8258,9237.843,0.579,0.622,OKC,8741,9474.283000000001,0.415,0.573,1
BRK,8673,8642.961,0.579,0.244,ATL,8459,7819.476,0.415,0.524,1
LAL,8575,9934.864,0.579,0.317,NOP,8556,9374.789,0.415,0.415,-1
OKC,8741,9474.283000000001,0.579,0.573,MIN,8657,10216.868,0.415,0.37799999999999995,-1
DAL,8029,8965.266,0.579,0.402,GSW,9503,10985.374,0.415,0.8170000000000001,-1
DEN,9161,9846.373,0.579,0.488,WAS,8953,9530.891,0.415,0.573,-1
DET,8309,9665.3,0.579,0.451,PHI,8400,9261.556999999999,0.415,0.341,-1
HOU,9458,11505.219,0.579,0.6709999999999999,MEM,8239,8101.665,0.415,0.524,-1
MIA,8460,9959.973,0.579,0.5,ATL,8459,7819.476,0.415,0.524,1
MIL,8497,9548.466999999999,0.579,0.512,CHO,8601,9854.734,0.415,0.439,1
PHO,8831,8519.06,0.579,0.293,SAC,8430,7683.94,0.415,0.39,1
SAS,8637,8867.79,0.579,0.7440000000000001,TOR,8762,8777.806,0.415,0.652,1
BOS,8857,10118.253,0.579,0.6459999999999999,NYK,8556,8760.896999999999,0.415,0.37799999999999995,1
CLE,9048,11818.941,0.579,0.622,CHI,8435,7633.666,0.415,0.5,1
LAC,8911,10960.425,0.579,0.622,UTA,8258,9237.843,0.415,0.622,1
MIN,8657,10216.868,0.579,0.37799999999999995,IND,8618,8707.464,0.415,0.512,-1
ORL,8288,8610.673,0.579,0.354,BRK,8673,8642.961,0.415,0.244,1
POR,8851,9242.277,0.579,0.518,NOP,8556,9374.789,0.415,0.415,1
BRK,8673,8642.961,0.579,0.244,CLE,9048,11818.941,0.415,0.622,1
CHO,8601,9854.734,0.579,0.439,DEN,9161,9846.373,0.415,0.488,1
DAL,8029,8965.266,0.579,0.402,MEM,8239,8101.665,0.415,0.524,1
DET,8309,9665.3,0.579,0.451,MIN,8657,10216.868,0.415,0.37799999999999995,1
GSW,9503,10985.374,0.579,0.8170000000000001,TOR,8762,8777.806,0.415,0.652,1
LAL,8575,9934.864,0.579,0.317,WAS,8953,9530.891,0.415,0.573,1
MIA,8460,9959.973,0.579,0.5,SAS,8637,8867.79,0.415,0.7440000000000001,-1
OKC,8741,9474.283000000001,0.579,0.573,IND,8618,8707.464,0.415,0.512,1
PHI,8400,9261.556999999999,0.579,0.341,HOU,9458,11505.219,0.415,0.6709999999999999,-1
PHO,8831,8519.06,0.579,0.293,UTA,8258,9237.843,0.415,0.622,1
CHI,8435,7633.666,0.579,0.5,ATL,8459,7819.476,0.415,0.524,1
MEM,8239,8101.665,0.579,0.524,DAL,8029,8965.266,0.415,0.402,1
MIL,8497,9548.466999999999,0.579,0.512,BOS,8857,10118.253,0.415,0.6459999999999999,-1
POR,8851,9242.277,0.579,0.518,LAC,8911,10960.425,0.415,0.622,-1
SAC,8430,7683.94,0.579,0.39,NOP,8556,9374.789,0.415,0.415,-1
ATL,8459,7819.476,0.579,0.524,DEN,9161,9846.373,0.415,0.488,-1
CHO,8601,9854.734,0.579,0.439,HOU,9458,11505.219,0.415,0.6709999999999999,-1
GSW,9503,10985.374,0.579,0.8170000000000001,WAS,8953,9530.891,0.415,0.573,1
LAL,8575,9934.864,0.579,0.317,TOR,8762,8777.806,0.415,0.652,-1
MIN,8657,10216.868,0.579,0.37799999999999995,OKC,8741,9474.283000000001,0.415,0.573,1
NYK,8556,8760.896999999999,0.579,0.37799999999999995,BRK,8673,8642.961,0.415,0.244,1
ORL,8288,8610.673,0.579,0.354,SAS,8637,8867.79,0.415,0.7440000000000001,1
CHI,8435,7633.666,0.579,0.5,OKC,8741,9474.283000000001,0.415,0.573,-1
DAL,8029,8965.266,0.579,0.402,PHI,8400,9261.556999999999,0.415,0.341,-1
LAC,8911,10960.425,0.579,0.622,DET,8309,9665.3,0.415,0.451,-1
MEM,8239,8101.665,0.579,0.524,HOU,9458,11505.219,0.415,0.6709999999999999,1
MIA,8460,9959.973,0.579,0.5,BOS,8857,10118.253,0.415,0.6459999999999999,-1
NOP,8556,9374.789,0.579,0.415,CLE,9048,11818.941,0.415,0.622,1
POR,8851,9242.277,0.579,0.518,PHO,8831,8519.06,0.415,0.293,1
UTA,8258,9237.843,0.579,0.622,LAL,8575,9934.864,0.415,0.317,1
ATL,8459,7819.476,0.579,0.524,MIL,8497,9548.466999999999,0.415,0.512,-1
BRK,8673,8642.961,0.579,0.244,DEN,9161,9846.373,0.415,0.488,-1
CHO,8601,9854.734,0.579,0.439,ORL,8288,8610.673,0.415,0.354,1
CLE,9048,11818.941,0.579,0.622,NYK,8556,8760.896999999999,0.415,0.37799999999999995,-1
GSW,9503,10985.374,0.579,0.8170000000000001,DET,8309,9665.3,0.415,0.451,-1
IND,8618,8707.464,0.579,0.512,SAS,8637,8867.79,0.415,0.7440000000000001,1
SAC,8430,7683.94,0.579,0.39,WAS,8953,9530.891,0.415,0.573,-1
BOS,8857,10118.253,0.579,0.6459999999999999,SAS,8637,8867.79,0.415,0.7440000000000001,1
HOU,9458,11505.219,0.579,0.6709999999999999,PHI,8400,9261.556999999999,0.415,0.341,-1
LAC,8911,10960.425,0.579,0.622,GSW,9503,10985.374,0.415,0.8170000000000001,-1
MEM,8239,8101.665,0.579,0.524,CHO,8601,9854.734,0.415,0.439,-1
MIA,8460,9959.973,0.579,0.5,MIN,8657,10216.868,0.415,0.37799999999999995,-1
NOP,8556,9374.789,0.579,0.415,ORL,8288,8610.673,0.415,0.354,-1
NYK,8556,8760.896999999999,0.579,0.37799999999999995,DEN,9161,9846.373,0.415,0.488,1
POR,8851,9242.277,0.579,0.518,TOR,8762,8777.806,0.415,0.652,-1
UTA,8258,9237.843,0.579,0.622,DAL,8029,8965.266,0.415,0.402,1
BRK,8673,8642.961,0.579,0.244,PHO,8831,8519.06,0.415,0.293,-1
IND,8618,8707.464,0.579,0.512,SAC,8430,7683.94,0.415,0.39,1
LAL,8575,9934.864,0.579,0.317,DET,8309,9665.3,0.415,0.451,1
MIL,8497,9548.466999999999,0.579,0.512,OKC,8741,9474.283000000001,0.415,0.573,-1
BOS,8857,10118.253,0.579,0.6459999999999999,SAC,8430,7683.94,0.415,0.39,1
CHO,8601,9854.734,0.579,0.439,MIL,8497,9548.466999999999,0.415,0.512,1
CLE,9048,11818.941,0.579,0.622,IND,8618,8707.464,0.415,0.512,-1
DEN,9161,9846.373,0.579,0.488,TOR,8762,8777.806,0.415,0.652,1
LAC,8911,10960.425,0.579,0.622,DAL,8029,8965.266,0.415,0.402,1
MEM,8239,8101.665,0.579,0.524,ORL,8288,8610.673,0.415,0.354,-1
MIA,8460,9959.973,0.579,0.5,CHI,8435,7633.666,0.415,0.5,1
NOP,8556,9374.789,0.579,0.415,MIN,8657,10216.868,0.415,0.37799999999999995,-1
NYK,8556,8760.896999999999,0.579,0.37799999999999995,HOU,9458,11505.219,0.415,0.6709999999999999,-1
PHI,8400,9261.556999999999,0.579,0.341,ATL,8459,7819.476,0.415,0.524,1
UTA,8258,9237.843,0.579,0.622,POR,8851,9242.277,0.415,0.518,1
WAS,8953,9530.891,0.579,0.573,PHO,8831,8519.06,0.415,0.293,-1
POR,8851,9242.277,0.579,0.518,LAL,8575,9934.864,0.415,0.317,1
SAS,8637,8867.79,0.579,0.7440000000000001,GSW,9503,10985.374,0.415,0.8170000000000001,-1
ATL,8459,7819.476,0.579,0.524,HOU,9458,11505.219,0.415,0.6709999999999999,-1
DAL,8029,8965.266,0.579,0.402,NOP,8556,9374.789,0.415,0.415,-1
DEN,9161,9846.373,0.579,0.488,MIA,8460,9959.973,0.415,0.5,1
DET,8309,9665.3,0.579,0.451,MIL,8497,9548.466999999999,0.415,0.512,1
LAL,8575,9934.864,0.579,0.317,BRK,8673,8642.961,0.415,0.244,1
NYK,8556,8760.896999999999,0.579,0.37799999999999995,PHO,8831,8519.06,0.415,0.293,1
OKC,8741,9474.283000000001,0.579,0.573,BOS,8857,10118.253,0.415,0.6459999999999999,-1
ORL,8288,8610.673,0.579,0.354,CHI,8435,7633.666,0.415,0.5,-1
PHI,8400,9261.556999999999,0.579,0.341,IND,8618,8707.464,0.415,0.512,1
SAS,8637,8867.79,0.579,0.7440000000000001,CHO,8601,9854.734,0.415,0.439,1
UTA,8258,9237.843,0.579,0.622,TOR,8762,8777.806,0.415,0.652,-1
WAS,8953,9530.891,0.579,0.573,CLE,9048,11818.941,0.415,0.622,-1
CHI,8435,7633.666,0.579,0.5,NOP,8556,9374.789,0.415,0.415,-1
DEN,9161,9846.373,0.579,0.488,GSW,9503,10985.374,0.415,0.8170000000000001,-1
DET,8309,9665.3,0.579,0.451,SAC,8430,7683.94,0.415,0.39,1
LAC,8911,10960.425,0.579,0.622,MEM,8239,8101.665,0.415,0.524,-1
MIN,8657,10216.868,0.579,0.37799999999999995,DAL,8029,8965.266,0.415,0.402,1
CLE,9048,11818.941,0.579,0.622,ATL,8459,7819.476,0.415,0.524,-1
HOU,9458,11505.219,0.579,0.6709999999999999,UTA,8258,9237.843,0.415,0.622,1
LAC,8911,10960.425,0.579,0.622,MIA,8460,9959.973,0.415,0.5,-1
LAL,8575,9934.864,0.579,0.317,MEM,8239,8101.665,0.415,0.524,1
MIN,8657,10216.868,0.579,0.37799999999999995,CHO,8601,9854.734,0.415,0.439,1
NYK,8556,8760.896999999999,0.579,0.37799999999999995,IND,8618,8707.464,0.415,0.512,1
ORL,8288,8610.673,0.579,0.354,BOS,8857,10118.253,0.415,0.6459999999999999,-1
POR,8851,9242.277,0.579,0.518,OKC,8741,9474.283000000001,0.415,0.573,1
SAS,8637,8867.79,0.579,0.7440000000000001,PHO,8831,8519.06,0.415,0.293,1
TOR,8762,8777.806,0.579,0.652,WAS,8953,9530.891,0.415,0.573,-1
ATL,8459,7819.476,0.579,0.524,BOS,8857,10118.253,0.415,0.6459999999999999,-1
GSW,9503,10985.374,0.579,0.8170000000000001,MIA,8460,9959.973,0.415,0.5,1
PHO,8831,8519.06,0.579,0.293,BRK,8673,8642.961,0.415,0.244,-1
CLE,9048,11818.941,0.579,0.622,MIL,8497,9548.466999999999,0.415,0.512,1
DEN,9161,9846.373,0.579,0.488,BRK,8673,8642.961,0.415,0.244,1
IND,8618,8707.464,0.579,0.512,NOP,8556,9374.789,0.415,0.415,-1
NYK,8556,8760.896999999999,0.579,0.37799999999999995,CHO,8601,9854.734,0.415,0.439,1
POR,8851,9242.277,0.579,0.518,MEM,8239,8101.665,0.415,0.524,-1
SAC,8430,7683.94,0.579,0.39,OKC,8741,9474.283000000001,0.415,0.573,1
SAS,8637,8867.79,0.579,0.7440000000000001,LAC,8911,10960.425,0.415,0.622,1
TOR,8762,8777.806,0.579,0.652,CHI,8435,7633.666,0.415,0.5,1
UTA,8258,9237.843,0.579,0.622,PHI,8400,9261.556999999999,0.415,0.341,-1
WAS,8953,9530.891,0.579,0.573,DAL,8029,8965.266,0.415,0.402,-1
BOS,8857,10118.253,0.579,0.6459999999999999,LAL,8575,9934.864,0.415,0.317,1
DET,8309,9665.3,0.579,0.451,IND,8618,8707.464,0.415,0.512,1
GSW,9503,10985.374,0.579,0.8170000000000001,MIN,8657,10216.868,0.415,0.37799999999999995,1
ORL,8288,8610.673,0.579,0.354,NYK,8556,8760.896999999999,0.415,0.37799999999999995,1
PHO,8831,8519.06,0.579,0.293,MIA,8460,9959.973,0.415,0.5,-1
DEN,9161,9846.373,0.579,0.488,OKC,8741,9474.283000000001,0.415,0.573,1
HOU,9458,11505.219,0.579,0.6709999999999999,CLE,9048,11818.941,0.415,0.622,1
SAC,8430,7683.94,0.579,0.39,PHI,8400,9261.556999999999,0.415,0.341,1
TOR,8762,8777.806,0.579,0.652,NOP,8556,9374.789,0.415,0.415,1
WAS,8953,9530.891,0.579,0.573,LAL,8575,9934.864,0.415,0.317,1
BOS,8857,10118.253,0.579,0.6459999999999999,CHO,8601,9854.734,0.415,0.439,1
CHI,8435,7633.666,0.579,0.5,IND,8618,8707.464,0.415,0.512,-1
DET,8309,9665.3,0.579,0.451,ATL,8459,7819.476,0.415,0.524,1
OKC,8741,9474.283000000001,0.579,0.573,LAC,8911,10960.425,0.415,0.622,1
PHO,8831,8519.06,0.579,0.293,ORL,8288,8610.673,0.415,0.354,-1
POR,8851,9242.277,0.579,0.518,BRK,8673,8642.961,0.415,0.244,-1
SAS,8637,8867.79,0.579,0.7440000000000001,MIL,8497,9548.466999999999,0.415,0.512,-1
UTA,8258,9237.843,0.579,0.622,MIA,8460,9959.973,0.415,0.5,-1
DAL,8029,8965.266,0.579,0.402,CLE,9048,11818.941,0.415,0.622,-1
DEN,9161,9846.373,0.579,0.488,ORL,8288,8610.673,0.415,0.354,1
GSW,9503,10985.374,0.579,0.8170000000000001,PHI,8400,9261.556999999999,0.415,0.341,1
HOU,9458,11505.219,0.579,0.6709999999999999,MEM,8239,8101.665,0.415,0.524,1
MIL,8497,9548.466999999999,0.579,0.512,LAL,8575,9934.864,0.415,0.317,1
NOP,8556,9374.789,0.579,0.415,LAC,8911,10960.425,0.415,0.622,1
NYK,8556,8760.896999999999,0.579,0.37799999999999995,SAC,8430,7683.94,0.415,0.39,1
PHO,8831,8519.06,0.579,0.293,MIN,8657,10216.868,0.415,0.37799999999999995,1
SAS,8637,8867.79,0.579,0.7440000000000001,CHI,8435,7633.666,0.415,0.5,1
UTA,8258,9237.843,0.579,0.622,BRK,8673,8642.961,0.415,0.244,1
WAS,8953,9530.891,0.579,0.573,ATL,8459,7819.476,0.415,0.524,1
BOS,8857,10118.253,0.579,0.6459999999999999,TOR,8762,8777.806,0.415,0.652,1
DET,8309,9665.3,0.579,0.451,MIA,8460,9959.973,0.415,0.5,1
IND,8618,8707.464,0.579,0.512,HOU,9458,11505.219,0.415,0.6709999999999999,-1
OKC,8741,9474.283000000001,0.579,0.573,DAL,8029,8965.266,0.415,0.402,1
GSW,9503,10985.374,0.579,0.8170000000000001,ORL,8288,8610.673,0.415,0.354,1
LAC,8911,10960.425,0.579,0.622,PHI,8400,9261.556999999999,0.415,0.341,-1
MIL,8497,9548.466999999999,0.579,0.512,MEM,8239,8101.665,0.415,0.524,1
NOP,8556,9374.789,0.579,0.415,ATL,8459,7819.476,0.415,0.524,1
NYK,8556,8760.896999999999,0.579,0.37799999999999995,CLE,9048,11818.941,0.415,0.622,-1
PHO,8831,8519.06,0.579,0.293,LAL,8575,9934.864,0.415,0.317,-1
POR,8851,9242.277,0.579,0.518,DEN,9161,9846.373,0.415,0.488,1
UTA,8258,9237.843,0.579,0.622,MIN,8657,10216.868,0.415,0.37799999999999995,-1
WAS,8953,9530.891,0.579,0.573,SAC,8430,7683.94,0.415,0.39,1
BRK,8673,8642.961,0.579,0.244,BOS,8857,10118.253,0.415,0.6459999999999999,-1
DAL,8029,8965.266,0.579,0.402,SAS,8637,8867.79,0.415,0.7440000000000001,-1
HOU,9458,11505.219,0.579,0.6709999999999999,TOR,8762,8777.806,0.415,0.652,-1
ATL,8459,7819.476,0.579,0.524,SAC,8430,7683.94,0.415,0.39,1
CHO,8601,9854.734,0.579,0.439,CLE,9048,11818.941,0.415,0.622,-1
LAL,8575,9934.864,0.579,0.317,PHI,8400,9261.556999999999,0.415,0.341,-1
MEM,8239,8101.665,0.579,0.524,IND,8618,8707.464,0.415,0.512,-1
MIA,8460,9959.973,0.579,0.5,WAS,8953,9530.891,0.415,0.573,-1
MIL,8497,9548.466999999999,0.579,0.512,DET,8309,9665.3,0.415,0.451,1
MIN,8657,10216.868,0.579,0.37799999999999995,SAS,8637,8867.79,0.415,0.7440000000000001,1
NOP,8556,9374.789,0.579,0.415,TOR,8762,8777.806,0.415,0.652,-1
NYK,8556,8760.896999999999,0.579,0.37799999999999995,UTA,8258,9237.843,0.415,0.622,1
OKC,8741,9474.283000000001,0.579,0.573,CHI,8435,7633.666,0.415,0.5,1
POR,8851,9242.277,0.579,0.518,ORL,8288,8610.673,0.415,0.354,1
BOS,8857,10118.253,0.579,0.6459999999999999,GSW,9503,10985.374,0.415,0.8170000000000001,1
PHO,8831,8519.06,0.579,0.293,HOU,9458,11505.219,0.415,0.6709999999999999,-1
BRK,8673,8642.961,0.579,0.244,UTA,8258,9237.843,0.415,0.622,1
CHI,8435,7633.666,0.579,0.5,CHO,8601,9854.734,0.415,0.439,1
CLE,9048,11818.941,0.579,0.622,LAC,8911,10960.425,0.415,0.622,1
DAL,8029,8965.266,0.579,0.402,MIN,8657,10216.868,0.415,0.37799999999999995,-1
DEN,9161,9846.373,0.579,0.488,NOP,8556,9374.789,0.415,0.415,1
IND,8618,8707.464,0.579,0.512,DET,8309,9665.3,0.415,0.451,1
LAL,8575,9934.864,0.579,0.317,PHO,8831,8519.06,0.415,0.293,-1
SAC,8430,7683.94,0.579,0.39,POR,8851,9242.277,0.415,0.518,1
SAS,8637,8867.79,0.579,0.7440000000000001,OKC,8741,9474.283000000001,0.415,0.573,1
TOR,8762,8777.806,0.579,0.652,NYK,8556,8760.896999999999,0.415,0.37799999999999995,1
WAS,8953,9530.891,0.579,0.573,MIA,8460,9959.973,0.415,0.5,-1
ATL,8459,7819.476,0.579,0.524,BOS,8857,10118.253,0.415,0.6459999999999999,-1
CHO,8601,9854.734,0.579,0.439,LAC,8911,10960.425,0.415,0.622,1
DAL,8029,8965.266,0.579,0.402,MIL,8497,9548.466999999999,0.415,0.512,1
MEM,8239,8101.665,0.579,0.524,HOU,9458,11505.219,0.415,0.6709999999999999,-1
ORL,8288,8610.673,0.579,0.354,UTA,8258,9237.843,0.415,0.622,-1
PHI,8400,9261.556999999999,0.579,0.341,GSW,9503,10985.374,0.415,0.8170000000000001,-1
POR,8851,9242.277,0.579,0.518,SAC,8430,7683.94,0.415,0.39,1
BRK,8673,8642.961,0.579,0.244,GSW,9503,10985.374,0.415,0.8170000000000001,-1
LAL,8575,9934.864,0.579,0.317,DEN,9161,9846.373,0.415,0.488,1
MIA,8460,9959.973,0.579,0.5,IND,8618,8707.464,0.415,0.512,-1
MIN,8657,10216.868,0.579,0.37799999999999995,DET,8309,9665.3,0.415,0.451,-1
PHO,8831,8519.06,0.579,0.293,CHI,8435,7633.666,0.415,0.5,1
TOR,8762,8777.806,0.579,0.652,WAS,8953,9530.891,0.415,0.573,1
CHO,8601,9854.734,0.579,0.439,MIN,8657,10216.868,0.415,0.37799999999999995,1
DAL,8029,8965.266,0.579,0.402,BOS,8857,10118.253,0.415,0.6459999999999999,-1
DET,8309,9665.3,0.579,0.451,CLE,9048,11818.941,0.415,0.622,-1
MEM,8239,8101.665,0.579,0.524,POR,8851,9242.277,0.415,0.518,-1
MIL,8497,9548.466999999999,0.579,0.512,WAS,8953,9530.891,0.415,0.573,-1
NOP,8556,9374.789,0.579,0.415,OKC,8741,9474.283000000001,0.415,0.573,1
NYK,8556,8760.896999999999,0.579,0.37799999999999995,LAC,8911,10960.425,0.415,0.622,1
ORL,8288,8610.673,0.579,0.354,IND,8618,8707.464,0.415,0.512,-1
PHI,8400,9261.556999999999,0.579,0.341,UTA,8258,9237.843,0.415,0.622,1
SAC,8430,7683.94,0.579,0.39,DEN,9161,9846.373,0.415,0.488,-1
SAS,8637,8867.79,0.579,0.7440000000000001,ATL,8459,7819.476,0.415,0.524,1
LAL,8575,9934.864,0.579,0.317,CHI,8435,7633.666,0.415,0.5,1
ATL,8459,7819.476,0.579,0.524,LAC,8911,10960.425,0.415,0.622,-1
CHO,8601,9854.734,0.579,0.439,WAS,8953,9530.891,0.415,0.573,1
CLE,9048,11818.941,0.579,0.622,BRK,8673,8642.961,0.415,0.244,1
HOU,9458,11505.219,0.579,0.6709999999999999,DEN,9161,9846.373,0.415,0.488,1
MEM,8239,8101.665,0.579,0.524,DAL,8029,8965.266,0.415,0.402,-1
MIA,8460,9959.973,0.579,0.5,BOS,8857,10118.253,0.415,0.6459999999999999,1
MIN,8657,10216.868,0.579,0.37799999999999995,ORL,8288,8610.673,0.415,0.354,1
NOP,8556,9374.789,0.579,0.415,SAS,8637,8867.79,0.415,0.7440000000000001,1
NYK,8556,8760.896999999999,0.579,0.37799999999999995,TOR,8762,8777.806,0.415,0.652,1
OKC,8741,9474.283000000001,0.579,0.573,GSW,9503,10985.374,0.415,0.8170000000000001,1
PHI,8400,9261.556999999999,0.579,0.341,POR,8851,9242.277,0.415,0.518,1
PHO,8831,8519.06,0.579,0.293,MIL,8497,9548.466999999999,0.415,0.512,-1
SAC,8430,7683.94,0.579,0.39,LAL,8575,9934.864,0.415,0.317,1
UTA,8258,9237.843,0.579,0.622,CHI,8435,7633.666,0.415,0.5,1
ATL,8459,7819.476,0.579,0.524,NYK,8556,8760.896999999999,0.415,0.37799999999999995,1
BOS,8857,10118.253,0.579,0.6459999999999999,ORL,8288,8610.673,0.415,0.354,1
BRK,8673,8642.961,0.579,0.244,POR,8851,9242.277,0.415,0.518,-1
CLE,9048,11818.941,0.579,0.622,CHO,8601,9854.734,0.415,0.439,1
DEN,9161,9846.373,0.579,0.488,MEM,8239,8101.665,0.415,0.524,1
GSW,9503,10985.374,0.579,0.8170000000000001,CHI,8435,7633.666,0.415,0.5,1
IND,8618,8707.464,0.579,0.512,TOR,8762,8777.806,0.415,0.652,1
MIN,8657,10216.868,0.579,0.37799999999999995,MIA,8460,9959.973,0.415,0.5,-1
OKC,8741,9474.283000000001,0.579,0.573,DET,8309,9665.3,0.415,0.451,-1
PHO,8831,8519.06,0.579,0.293,NOP,8556,9374.789,0.415,0.415,-1
ATL,8459,7819.476,0.579,0.524,TOR,8762,8777.806,0.415,0.652,-1
CHO,8601,9854.734,0.579,0.439,SAS,8637,8867.79,0.415,0.7440000000000001,-1
DAL,8029,8965.266,0.579,0.402,OKC,8741,9474.283000000001,0.415,0.573,1
GSW,9503,10985.374,0.579,0.8170000000000001,NOP,8556,9374.789,0.415,0.415,1
HOU,9458,11505.219,0.579,0.6709999999999999,NYK,8556,8760.896999999999,0.415,0.37799999999999995,1
IND,8618,8707.464,0.579,0.512,BOS,8857,10118.253,0.415,0.6459999999999999,-1
PHI,8400,9261.556999999999,0.579,0.341,ORL,8288,8610.673,0.415,0.354,1
SAC,8430,7683.94,0.579,0.39,LAC,8911,10960.425,0.415,0.622,-1
UTA,8258,9237.843,0.579,0.622,MIL,8497,9548.466999999999,0.415,0.512,1
WAS,8953,9530.891,0.579,0.573,POR,8851,9242.277,0.415,0.518,-1
CHI,8435,7633.666,0.579,0.5,MIA,8460,9959.973,0.415,0.5,-1
MEM,8239,8101.665,0.579,0.524,BRK,8673,8642.961,0.415,0.244,-1
MIN,8657,10216.868,0.579,0.37799999999999995,PHO,8831,8519.06,0.415,0.293,1
BOS,8857,10118.253,0.579,0.6459999999999999,DET,8309,9665.3,0.415,0.451,-1
GSW,9503,10985.374,0.579,0.8170000000000001,SAC,8430,7683.94,0.415,0.39,-1
HOU,9458,11505.219,0.579,0.6709999999999999,BRK,8673,8642.961,0.415,0.244,1
IND,8618,8707.464,0.579,0.512,ORL,8288,8610.673,0.415,0.354,1
LAC,8911,10960.425,0.579,0.622,LAL,8575,9934.864,0.415,0.317,1
NYK,8556,8760.896999999999,0.579,0.37799999999999995,POR,8851,9242.277,0.415,0.518,-1
PHI,8400,9261.556999999999,0.579,0.341,CLE,9048,11818.941,0.415,0.622,-1
SAS,8637,8867.79,0.579,0.7440000000000001,DAL,8029,8965.266,0.415,0.402,1
CHI,8435,7633.666,0.579,0.5,PHO,8831,8519.06,0.415,0.293,-1
CLE,9048,11818.941,0.579,0.622,MIA,8460,9959.973,0.415,0.5,1
MIN,8657,10216.868,0.579,0.37799999999999995,WAS,8953,9530.891,0.415,0.573,-1
SAC,8430,7683.94,0.579,0.39,MIL,8497,9548.466999999999,0.415,0.512,-1
UTA,8258,9237.843,0.579,0.622,DEN,9161,9846.373,0.415,0.488,1
DAL,8029,8965.266,0.579,0.402,BRK,8673,8642.961,0.415,0.244,-1
DET,8309,9665.3,0.579,0.451,PHO,8831,8519.06,0.415,0.293,1
HOU,9458,11505.219,0.579,0.6709999999999999,IND,8618,8707.464,0.415,0.512,1
LAL,8575,9934.864,0.579,0.317,GSW,9503,10985.374,0.415,0.8170000000000001,-1
NOP,8556,9374.789,0.579,0.415,MIN,8657,10216.868,0.415,0.37799999999999995,-1
NYK,8556,8760.896999999999,0.579,0.37799999999999995,MIA,8460,9959.973,0.415,0.5,1
ORL,8288,8610.673,0.579,0.354,OKC,8741,9474.283000000001,0.415,0.573,1
PHI,8400,9261.556999999999,0.579,0.341,WAS,8953,9530.891,0.415,0.573,1
SAS,8637,8867.79,0.579,0.7440000000000001,MEM,8239,8101.665,0.415,0.524,1
TOR,8762,8777.806,0.579,0.652,CHO,8601,9854.734,0.415,0.439,1
ATL,8459,7819.476,0.579,0.524,CLE,9048,11818.941,0.415,0.622,-1
BOS,8857,10118.253,0.579,0.6459999999999999,PHI,8400,9261.556999999999,0.415,0.341,1
DEN,9161,9846.373,0.579,0.488,CHI,8435,7633.666,0.415,0.5,1
LAC,8911,10960.425,0.579,0.622,UTA,8258,9237.843,0.415,0.622,-1
POR,8851,9242.277,0.579,0.518,MIL,8497,9548.466999999999,0.415,0.512,-1
CHI,8435,7633.666,0.579,0.5,SAC,8430,7683.94,0.415,0.39,-1
MEM,8239,8101.665,0.579,0.524,SAS,8637,8867.79,0.415,0.7440000000000001,-1
MIA,8460,9959.973,0.579,0.5,CHO,8601,9854.734,0.415,0.439,1
OKC,8741,9474.283000000001,0.579,0.573,MIN,8657,10216.868,0.415,0.37799999999999995,1
ORL,8288,8610.673,0.579,0.354,GSW,9503,10985.374,0.415,0.8170000000000001,-1
TOR,8762,8777.806,0.579,0.652,IND,8618,8707.464,0.415,0.512,1
UTA,8258,9237.843,0.579,0.622,NOP,8556,9374.789,0.415,0.415,1
WAS,8953,9530.891,0.579,0.573,DET,8309,9665.3,0.415,0.451,1
BOS,8857,10118.253,0.579,0.6459999999999999,PHO,8831,8519.06,0.415,0.293,1
BRK,8673,8642.961,0.579,0.244,ATL,8459,7819.476,0.415,0.524,-1
CLE,9048,11818.941,0.579,0.622,MEM,8239,8101.665,0.415,0.524,1
DAL,8029,8965.266,0.579,0.402,LAC,8911,10960.425,0.415,0.622,1
DEN,9161,9846.373,0.579,0.488,LAL,8575,9934.864,0.415,0.317,1
MIL,8497,9548.466999999999,0.579,0.512,SAC,8430,7683.94,0.415,0.39,1
PHI,8400,9261.556999999999,0.579,0.341,DET,8309,9665.3,0.415,0.451,1
POR,8851,9242.277,0.579,0.518,NOP,8556,9374.789,0.415,0.415,-1
LAL,8575,9934.864,0.579,0.317,HOU,9458,11505.219,0.415,0.6709999999999999,-1
MIA,8460,9959.973,0.579,0.5,GSW,9503,10985.374,0.415,0.8170000000000001,-1
MIN,8657,10216.868,0.579,0.37799999999999995,LAC,8911,10960.425,0.415,0.622,1
NYK,8556,8760.896999999999,0.579,0.37799999999999995,ORL,8288,8610.673,0.415,0.354,-1
OKC,8741,9474.283000000001,0.579,0.573,SAS,8637,8867.79,0.415,0.7440000000000001,1
ATL,8459,7819.476,0.579,0.524,BRK,8673,8642.961,0.415,0.244,-1
BOS,8857,10118.253,0.579,0.6459999999999999,MIL,8497,9548.466999999999,0.415,0.512,1
CHI,8435,7633.666,0.579,0.5,CLE,9048,11818.941,0.415,0.622,-1
CHO,8601,9854.734,0.579,0.439,ORL,8288,8610.673,0.415,0.354,1
DAL,8029,8965.266,0.579,0.402,DEN,9161,9846.373,0.415,0.488,1
IND,8618,8707.464,0.579,0.512,NYK,8556,8760.896999999999,0.415,0.37799999999999995,1
MEM,8239,8101.665,0.579,0.524,MIN,8657,10216.868,0.415,0.37799999999999995,1
NOP,8556,9374.789,0.579,0.415,GSW,9503,10985.374,0.415,0.8170000000000001,-1
PHI,8400,9261.556999999999,0.579,0.341,PHO,8831,8519.06,0.415,0.293,-1
SAS,8637,8867.79,0.579,0.7440000000000001,DET,8309,9665.3,0.415,0.451,1
UTA,8258,9237.843,0.579,0.622,WAS,8953,9530.891,0.415,0.573,1
OKC,8741,9474.283000000001,0.579,0.573,UTA,8258,9237.843,0.415,0.622,1
POR,8851,9242.277,0.579,0.518,WAS,8953,9530.891,0.415,0.573,-1
TOR,8762,8777.806,0.579,0.652,PHO,8831,8519.06,0.415,0.293,1
BOS,8857,10118.253,0.579,0.6459999999999999,DAL,8029,8965.266,0.415,0.402,1
CHO,8601,9854.734,0.579,0.439,GSW,9503,10985.374,0.415,0.8170000000000001,-1
CLE,9048,11818.941,0.579,0.622,SAC,8430,7683.94,0.415,0.39,1
IND,8618,8707.464,0.579,0.512,CHI,8435,7633.666,0.415,0.5,1
LAC,8911,10960.425,0.579,0.622,MIN,8657,10216.868,0.415,0.37799999999999995,-1
MIL,8497,9548.466999999999,0.579,0.512,DET,8309,9665.3,0.415,0.451,1
NOP,8556,9374.789,0.579,0.415,DEN,9161,9846.373,0.415,0.488,1
NYK,8556,8760.896999999999,0.579,0.37799999999999995,MEM,8239,8101.665,0.415,0.524,1
ORL,8288,8610.673,0.579,0.354,ATL,8459,7819.476,0.415,0.524,1
SAS,8637,8867.79,0.579,0.7440000000000001,MIA,8460,9959.973,0.415,0.5,1
BRK,8673,8642.961,0.579,0.244,OKC,8741,9474.283000000001,0.415,0.573,1
PHI,8400,9261.556999999999,0.579,0.341,LAL,8575,9934.864,0.415,0.317,-1
PHO,8831,8519.06,0.579,0.293,WAS,8953,9530.891,0.415,0.573,-1
UTA,8258,9237.843,0.579,0.622,HOU,9458,11505.219,0.415,0.6709999999999999,-1
CHO,8601,9854.734,0.579,0.439,CHI,8435,7633.666,0.415,0.5,-1
DET,8309,9665.3,0.579,0.451,GSW,9503,10985.374,0.415,0.8170000000000001,-1
IND,8618,8707.464,0.579,0.512,CLE,9048,11818.941,0.415,0.622,1
MEM,8239,8101.665,0.579,0.524,TOR,8762,8777.806,0.415,0.652,-1
MIL,8497,9548.466999999999,0.579,0.512,DAL,8029,8965.266,0.415,0.402,1
NOP,8556,9374.789,0.579,0.415,SAC,8430,7683.94,0.415,0.39,-1
ORL,8288,8610.673,0.579,0.354,DEN,9161,9846.373,0.415,0.488,-1
SAS,8637,8867.79,0.579,0.7440000000000001,BOS,8857,10118.253,0.415,0.6459999999999999,1
ATL,8459,7819.476,0.579,0.524,ORL,8288,8610.673,0.415,0.354,1
BRK,8673,8642.961,0.579,0.244,MIA,8460,9959.973,0.415,0.5,-1
CHI,8435,7633.666,0.579,0.5,NYK,8556,8760.896999999999,0.415,0.37799999999999995,1
CHO,8601,9854.734,0.579,0.439,LAL,8575,9934.864,0.415,0.317,-1
CLE,9048,11818.941,0.579,0.622,PHI,8400,9261.556999999999,0.415,0.341,1
LAC,8911,10960.425,0.579,0.622,WAS,8953,9530.891,0.415,0.573,1
MEM,8239,8101.665,0.579,0.524,OKC,8741,9474.283000000001,0.415,0.573,-1
MIL,8497,9548.466999999999,0.579,0.512,UTA,8258,9237.843,0.415,0.622,1
PHO,8831,8519.06,0.579,0.293,SAS,8637,8867.79,0.415,0.7440000000000001,-1
POR,8851,9242.277,0.579,0.518,HOU,9458,11505.219,0.415,0.6709999999999999,-1
DET,8309,9665.3,0.579,0.451,BOS,8857,10118.253,0.415,0.6459999999999999,-1
IND,8618,8707.464,0.579,0.512,DEN,9161,9846.373,0.415,0.488,1
MIN,8657,10216.868,0.579,0.37799999999999995,DAL,8029,8965.266,0.415,0.402,1
NOP,8556,9374.789,0.579,0.415,PHI,8400,9261.556999999999,0.415,0.341,1
NYK,8556,8760.896999999999,0.579,0.37799999999999995,ATL,8459,7819.476,0.415,0.524,1
SAC,8430,7683.94,0.579,0.39,TOR,8762,8777.806,0.415,0.652,-1
CHI,8435,7633.666,0.579,0.5,BOS,8857,10118.253,0.415,0.6459999999999999,1
GSW,9503,10985.374,0.579,0.8170000000000001,POR,8851,9242.277,0.415,0.518,1
HOU,9458,11505.219,0.579,0.6709999999999999,NOP,8556,9374.789,0.415,0.415,1
LAC,8911,10960.425,0.579,0.622,TOR,8762,8777.806,0.415,0.652,1
MEM,8239,8101.665,0.579,0.524,MIA,8460,9959.973,0.415,0.5,-1
OKC,8741,9474.283000000001,0.579,0.573,CHO,8601,9854.734,0.415,0.439,-1
BRK,8673,8642.961,0.579,0.244,WAS,8953,9530.891,0.415,0.573,1
CLE,9048,11818.941,0.579,0.622,ATL,8459,7819.476,0.415,0.524,1
DAL,8029,8965.266,0.579,0.402,SAS,8637,8867.79,0.415,0.7440000000000001,1
DET,8309,9665.3,0.579,0.451,DEN,9161,9846.373,0.415,0.488,-1
MIN,8657,10216.868,0.579,0.37799999999999995,PHI,8400,9261.556999999999,0.415,0.341,-1
NYK,8556,8760.896999999999,0.579,0.37799999999999995,LAL,8575,9934.864,0.415,0.317,1
SAC,8430,7683.94,0.579,0.39,PHO,8831,8519.06,0.415,0.293,1
BOS,8857,10118.253,0.579,0.6459999999999999,DEN,9161,9846.373,0.415,0.488,1
CHI,8435,7633.666,0.579,0.5,UTA,8258,9237.843,0.415,0.622,1
HOU,9458,11505.219,0.579,0.6709999999999999,CHO,8601,9854.734,0.415,0.439,1
IND,8618,8707.464,0.579,0.512,OKC,8741,9474.283000000001,0.415,0.573,-1
MIA,8460,9959.973,0.579,0.5,POR,8851,9242.277,0.415,0.518,-1
NOP,8556,9374.789,0.579,0.415,MIL,8497,9548.466999999999,0.415,0.512,1
ORL,8288,8610.673,0.579,0.354,LAC,8911,10960.425,0.415,0.622,-1
PHO,8831,8519.06,0.579,0.293,TOR,8762,8777.806,0.415,0.652,-1
WAS,8953,9530.891,0.579,0.573,MEM,8239,8101.665,0.415,0.524,1
ATL,8459,7819.476,0.579,0.524,DET,8309,9665.3,0.415,0.451,-1
BRK,8673,8642.961,0.579,0.244,NYK,8556,8760.896999999999,0.415,0.37799999999999995,-1
CLE,9048,11818.941,0.579,0.622,LAL,8575,9934.864,0.415,0.317,1
GSW,9503,10985.374,0.579,0.8170000000000001,DAL,8029,8965.266,0.415,0.402,1
MIN,8657,10216.868,0.579,0.37799999999999995,SAC,8430,7683.94,0.415,0.39,1
BOS,8857,10118.253,0.579,0.6459999999999999,UTA,8258,9237.843,0.415,0.622,-1
CHO,8601,9854.734,0.579,0.439,MIA,8460,9959.973,0.415,0.5,-1
DEN,9161,9846.373,0.579,0.488,NOP,8556,9374.789,0.415,0.415,1
HOU,9458,11505.219,0.579,0.6709999999999999,SAS,8637,8867.79,0.415,0.7440000000000001,1
IND,8618,8707.464,0.579,0.512,DET,8309,9665.3,0.415,0.451,-1
MEM,8239,8101.665,0.579,0.524,ATL,8459,7819.476,0.415,0.524,1
MIL,8497,9548.466999999999,0.579,0.512,CHI,8435,7633.666,0.415,0.5,-1
ORL,8288,8610.673,0.579,0.354,POR,8851,9242.277,0.415,0.518,-1
PHI,8400,9261.556999999999,0.579,0.341,OKC,8741,9474.283000000001,0.415,0.573,-1
TOR,8762,8777.806,0.579,0.652,BRK,8673,8642.961,0.415,0.244,1
WAS,8953,9530.891,0.579,0.573,LAC,8911,10960.425,0.415,0.622,1
CHO,8601,9854.734,0.579,0.439,POR,8851,9242.277,0.415,0.518,-1
CLE,9048,11818.941,0.579,0.622,UTA,8258,9237.843,0.415,0.622,1
HOU,9458,11505.219,0.579,0.6709999999999999,MIL,8497,9548.466999999999,0.415,0.512,1
MEM,8239,8101.665,0.579,0.524,BOS,8857,10118.253,0.415,0.6459999999999999,-1
MIA,8460,9959.973,0.579,0.5,LAC,8911,10960.425,0.415,0.622,1
MIN,8657,10216.868,0.579,0.37799999999999995,PHO,8831,8519.06,0.415,0.293,-1
NYK,8556,8760.896999999999,0.579,0.37799999999999995,OKC,8741,9474.283000000001,0.415,0.573,1
SAS,8637,8867.79,0.579,0.7440000000000001,DAL,8029,8965.266,0.415,0.402,1
BRK,8673,8642.961,0.579,0.244,IND,8618,8707.464,0.415,0.512,-1
DET,8309,9665.3,0.579,0.451,ORL,8288,8610.673,0.415,0.354,1
TOR,8762,8777.806,0.579,0.652,SAC,8430,7683.94,0.415,0.39,1
WAS,8953,9530.891,0.579,0.573,CLE,9048,11818.941,0.415,0.622,-1
ATL,8459,7819.476,0.579,0.524,MIA,8460,9959.973,0.415,0.5,1
CHI,8435,7633.666,0.579,0.5,PHI,8400,9261.556999999999,0.415,0.341,1
CHO,8601,9854.734,0.579,0.439,NYK,8556,8760.896999999999,0.415,0.37799999999999995,1
DAL,8029,8965.266,0.579,0.402,PHO,8831,8519.06,0.415,0.293,-1
HOU,9458,11505.219,0.579,0.6709999999999999,UTA,8258,9237.843,0.415,0.622,1
IND,8618,8707.464,0.579,0.512,BOS,8857,10118.253,0.415,0.6459999999999999,-1
LAL,8575,9934.864,0.579,0.317,GSW,9503,10985.374,0.415,0.8170000000000001,-1
MIN,8657,10216.868,0.579,0.37799999999999995,POR,8851,9242.277,0.415,0.518,1
OKC,8741,9474.283000000001,0.579,0.573,DEN,9161,9846.373,0.415,0.488,1
SAS,8637,8867.79,0.579,0.7440000000000001,LAC,8911,10960.425,0.415,0.622,1
MIL,8497,9548.466999999999,0.579,0.512,CLE,9048,11818.941,0.415,0.622,1
PHI,8400,9261.556999999999,0.579,0.341,SAC,8430,7683.94,0.415,0.39,-1
WAS,8953,9530.891,0.579,0.573,NOP,8556,9374.789,0.415,0.415,1
ATL,8459,7819.476,0.579,0.524,IND,8618,8707.464,0.415,0.512,-1
BOS,8857,10118.253,0.579,0.6459999999999999,MIA,8460,9959.973,0.415,0.5,-1
BRK,8673,8642.961,0.579,0.244,SAC,8430,7683.94,0.415,0.39,-1
CHI,8435,7633.666,0.579,0.5,ORL,8288,8610.673,0.415,0.354,1
CHO,8601,9854.734,0.579,0.439,TOR,8762,8777.806,0.415,0.652,-1
DAL,8029,8965.266,0.579,0.402,DET,8309,9665.3,0.415,0.451,1
DEN,9161,9846.373,0.579,0.488,MIN,8657,10216.868,0.415,0.37799999999999995,-1
GSW,9503,10985.374,0.579,0.8170000000000001,MEM,8239,8101.665,0.415,0.524,1
HOU,9458,11505.219,0.579,0.6709999999999999,LAL,8575,9934.864,0.415,0.317,-1
LAC,8911,10960.425,0.579,0.622,PHO,8831,8519.06,0.415,0.293,1
OKC,8741,9474.283000000001,0.579,0.573,UTA,8258,9237.843,0.415,0.622,1
POR,8851,9242.277,0.579,0.518,SAS,8637,8867.79,0.415,0.7440000000000001,-1
CLE,9048,11818.941,0.579,0.622,CHI,8435,7633.666,0.415,0.5,1
NYK,8556,8760.896999999999,0.579,0.37799999999999995,BOS,8857,10118.253,0.415,0.6459999999999999,1
PHI,8400,9261.556999999999,0.579,0.341,TOR,8762,8777.806,0.415,0.652,-1
PHO,8831,8519.06,0.579,0.293,MEM,8239,8101.665,0.415,0.524,1
UTA,8258,9237.843,0.579,0.622,SAS,8637,8867.79,0.415,0.7440000000000001,1
BRK,8673,8642.961,0.579,0.244,WAS,8953,9530.891,0.415,0.573,1
DET,8309,9665.3,0.579,0.451,NYK,8556,8760.896999999999,0.415,0.37799999999999995,1
GSW,9503,10985.374,0.579,0.8170000000000001,LAL,8575,9934.864,0.415,0.317,1
HOU,9458,11505.219,0.579,0.6709999999999999,LAC,8911,10960.425,0.415,0.622,-1
MIA,8460,9959.973,0.579,0.5,DAL,8029,8965.266,0.415,0.402,1
MIL,8497,9548.466999999999,0.579,0.512,CHO,8601,9854.734,0.415,0.439,1
OKC,8741,9474.283000000001,0.579,0.573,ATL,8459,7819.476,0.415,0.524,1
ORL,8288,8610.673,0.579,0.354,NOP,8556,9374.789,0.415,0.415,-1
POR,8851,9242.277,0.579,0.518,DEN,9161,9846.373,0.415,0.488,-1
ATL,8459,7819.476,0.579,0.524,DAL,8029,8965.266,0.415,0.402,1
BOS,8857,10118.253,0.579,0.6459999999999999,CHI,8435,7633.666,0.415,0.5,1
CHO,8601,9854.734,0.579,0.439,MIL,8497,9548.466999999999,0.415,0.512,1
GSW,9503,10985.374,0.579,0.8170000000000001,DEN,9161,9846.373,0.415,0.488,-1
IND,8618,8707.464,0.579,0.512,BRK,8673,8642.961,0.415,0.244,1
LAL,8575,9934.864,0.579,0.317,POR,8851,9242.277,0.415,0.518,-1
MEM,8239,8101.665,0.579,0.524,LAC,8911,10960.425,0.415,0.622,1
MIA,8460,9959.973,0.579,0.5,NOP,8556,9374.789,0.415,0.415,-1
PHO,8831,8519.06,0.579,0.293,MIN,8657,10216.868,0.415,0.37799999999999995,-1
SAC,8430,7683.94,0.579,0.39,SAS,8637,8867.79,0.415,0.7440000000000001,-1
TOR,8762,8777.806,0.579,0.652,PHI,8400,9261.556999999999,0.415,0.341,1
UTA,8258,9237.843,0.579,0.622,OKC,8741,9474.283000000001,0.415,0.573,-1
WAS,8953,9530.891,0.579,0.573,ORL,8288,8610.673,0.415,0.354,1
BOS,8857,10118.253,0.579,0.6459999999999999,WAS,8953,9530.891,0.415,0.573,-1
GSW,9503,10985.374,0.579,0.8170000000000001,CLE,9048,11818.941,0.415,0.622,1
LAL,8575,9934.864,0.579,0.317,MIN,8657,10216.868,0.415,0.37799999999999995,-1
NYK,8556,8760.896999999999,0.579,0.37799999999999995,PHI,8400,9261.556999999999,0.415,0.341,-1
OKC,8741,9474.283000000001,0.579,0.573,HOU,9458,11505.219,0.415,0.6709999999999999,1
DAL,8029,8965.266,0.579,0.402,TOR,8762,8777.806,0.415,0.652,1
DEN,9161,9846.373,0.579,0.488,UTA,8258,9237.843,0.415,0.622,1
DET,8309,9665.3,0.579,0.451,IND,8618,8707.464,0.415,0.512,1
LAC,8911,10960.425,0.579,0.622,SAC,8430,7683.94,0.415,0.39,1
MIA,8460,9959.973,0.579,0.5,ORL,8288,8610.673,0.415,0.354,1
MIL,8497,9548.466999999999,0.579,0.512,CHI,8435,7633.666,0.415,0.5,-1
PHO,8831,8519.06,0.579,0.293,MEM,8239,8101.665,0.415,0.524,1
SAS,8637,8867.79,0.579,0.7440000000000001,BRK,8673,8642.961,0.415,0.244,1
ATL,8459,7819.476,0.579,0.524,WAS,8953,9530.891,0.415,0.573,1
CHI,8435,7633.666,0.579,0.5,NYK,8556,8760.896999999999,0.415,0.37799999999999995,1
CHO,8601,9854.734,0.579,0.439,BOS,8857,10118.253,0.415,0.6459999999999999,-1
GSW,9503,10985.374,0.579,0.8170000000000001,UTA,8258,9237.843,0.415,0.622,1
IND,8618,8707.464,0.579,0.512,DAL,8029,8965.266,0.415,0.402,-1
LAL,8575,9934.864,0.579,0.317,MEM,8239,8101.665,0.415,0.524,-1
MIN,8657,10216.868,0.579,0.37799999999999995,DEN,9161,9846.373,0.415,0.488,1
NOP,8556,9374.789,0.579,0.415,BRK,8673,8642.961,0.415,0.244,1
OKC,8741,9474.283000000001,0.579,0.573,TOR,8762,8777.806,0.415,0.652,1
SAC,8430,7683.94,0.579,0.39,CLE,9048,11818.941,0.415,0.622,1
BOS,8857,10118.253,0.579,0.6459999999999999,HOU,9458,11505.219,0.415,0.6709999999999999,1
MIL,8497,9548.466999999999,0.579,0.512,MIN,8657,10216.868,0.415,0.37799999999999995,1
ORL,8288,8610.673,0.579,0.354,DET,8309,9665.3,0.415,0.451,1
POR,8851,9242.277,0.579,0.518,PHI,8400,9261.556999999999,0.415,0.341,1
SAS,8637,8867.79,0.579,0.7440000000000001,NYK,8556,8760.896999999999,0.415,0.37799999999999995,1
CHI,8435,7633.666,0.579,0.5,IND,8618,8707.464,0.415,0.512,1
GSW,9503,10985.374,0.579,0.8170000000000001,CHO,8601,9854.734,0.415,0.439,-1
LAL,8575,9934.864,0.579,0.317,LAC,8911,10960.425,0.415,0.622,-1
MIA,8460,9959.973,0.579,0.5,BRK,8673,8642.961,0.415,0.244,-1
NOP,8556,9374.789,0.579,0.415,DAL,8029,8965.266,0.415,0.402,-1
OKC,8741,9474.283000000001,0.579,0.573,MIL,8497,9548.466999999999,0.415,0.512,-1
SAC,8430,7683.94,0.579,0.39,PHO,8831,8519.06,0.415,0.293,-1
TOR,8762,8777.806,0.579,0.652,ATL,8459,7819.476,0.415,0.524,1
WAS,8953,9530.891,0.579,0.573,HOU,9458,11505.219,0.415,0.6709999999999999,1
ATL,8459,7819.476,0.579,0.524,POR,8851,9242.277,0.415,0.518,1
DEN,9161,9846.373,0.579,0.488,PHI,8400,9261.556999999999,0.415,0.341,-1
DET,8309,9665.3,0.579,0.451,SAS,8637,8867.79,0.415,0.7440000000000001,1
GSW,9503,10985.374,0.579,0.8170000000000001,MEM,8239,8101.665,0.415,0.524,1
NOP,8556,9374.789,0.579,0.415,NYK,8556,8760.896999999999,0.415,0.37799999999999995,-1
ORL,8288,8610.673,0.579,0.354,MIA,8460,9959.973,0.415,0.5,-1
UTA,8258,9237.843,0.579,0.622,CLE,9048,11818.941,0.415,0.622,1
BOS,8857,10118.253,0.579,0.6459999999999999,BRK,8673,8642.961,0.415,0.244,1
HOU,9458,11505.219,0.579,0.6709999999999999,LAL,8575,9934.864,0.415,0.317,1
IND,8618,8707.464,0.579,0.512,MIN,8657,10216.868,0.415,0.37799999999999995,-1
LAC,8911,10960.425,0.579,0.622,CHO,8601,9854.734,0.415,0.439,1
OKC,8741,9474.283000000001,0.579,0.573,DAL,8029,8965.266,0.415,0.402,-1
PHO,8831,8519.06,0.579,0.293,PHI,8400,9261.556999999999,0.415,0.341,-1
SAC,8430,7683.94,0.579,0.39,MEM,8239,8101.665,0.415,0.524,-1
WAS,8953,9530.891,0.579,0.573,CHI,8435,7633.666,0.415,0.5,1
BRK,8673,8642.961,0.579,0.244,ORL,8288,8610.673,0.415,0.354,1
CHI,8435,7633.666,0.579,0.5,POR,8851,9242.277,0.415,0.518,-1
MIN,8657,10216.868,0.579,0.37799999999999995,LAL,8575,9934.864,0.415,0.317,1
TOR,8762,8777.806,0.579,0.652,MIL,8497,9548.466999999999,0.415,0.512,1
CLE,9048,11818.941,0.579,0.622,POR,8851,9242.277,0.415,0.518,1
LAC,8911,10960.425,0.579,0.622,MEM,8239,8101.665,0.415,0.524,1
NYK,8556,8760.896999999999,0.579,0.37799999999999995,SAS,8637,8867.79,0.415,0.7440000000000001,-1
PHO,8831,8519.06,0.579,0.293,ATL,8459,7819.476,0.415,0.524,1
SAC,8430,7683.94,0.579,0.39,CHO,8601,9854.734,0.415,0.439,-1
BOS,8857,10118.253,0.579,0.6459999999999999,CLE,9048,11818.941,0.415,0.622,1
BRK,8673,8642.961,0.579,0.244,MIN,8657,10216.868,0.415,0.37799999999999995,1
CHI,8435,7633.666,0.579,0.5,TOR,8762,8777.806,0.415,0.652,-1
DAL,8029,8965.266,0.579,0.402,GSW,9503,10985.374,0.415,0.8170000000000001,-1
DEN,9161,9846.373,0.579,0.488,PHO,8831,8519.06,0.415,0.293,1
LAL,8575,9934.864,0.579,0.317,OKC,8741,9474.283000000001,0.415,0.573,-1
MIA,8460,9959.973,0.579,0.5,DET,8309,9665.3,0.415,0.451,1
MIL,8497,9548.466999999999,0.579,0.512,IND,8618,8707.464,0.415,0.512,1
ORL,8288,8610.673,0.579,0.354,HOU,9458,11505.219,0.415,0.6709999999999999,-1
PHI,8400,9261.556999999999,0.579,0.341,SAS,8637,8867.79,0.415,0.7440000000000001,1
UTA,8258,9237.843,0.579,0.622,NOP,8556,9374.789,0.415,0.415,-1
WAS,8953,9530.891,0.579,0.573,NYK,8556,8760.896999999999,0.415,0.37799999999999995,1
HOU,9458,11505.219,0.579,0.6709999999999999,GSW,9503,10985.374,0.415,0.8170000000000001,-1
LAC,8911,10960.425,0.579,0.622,OKC,8741,9474.283000000001,0.415,0.573,-1
BOS,8857,10118.253,0.579,0.6459999999999999,MIN,8657,10216.868,0.415,0.37799999999999995,1
DAL,8029,8965.266,0.579,0.402,CHI,8435,7633.666,0.415,0.5,-1
DEN,9161,9846.373,0.579,0.488,UTA,8258,9237.843,0.415,0.622,1
LAL,8575,9934.864,0.579,0.317,CHO,8601,9854.734,0.415,0.439,-1
MEM,8239,8101.665,0.579,0.524,WAS,8953,9530.891,0.415,0.573,-1
MIA,8460,9959.973,0.579,0.5,NYK,8556,8760.896999999999,0.415,0.37799999999999995,1
MIL,8497,9548.466999999999,0.579,0.512,TOR,8762,8777.806,0.415,0.652,-1
PHI,8400,9261.556999999999,0.579,0.341,DET,8309,9665.3,0.415,0.451,1
POR,8851,9242.277,0.579,0.518,ATL,8459,7819.476,0.415,0.524,1
SAS,8637,8867.79,0.579,0.7440000000000001,PHO,8831,8519.06,0.415,0.293,1
BRK,8673,8642.961,0.579,0.244,BOS,8857,10118.253,0.415,0.6459999999999999,-1
DET,8309,9665.3,0.579,0.451,HOU,9458,11505.219,0.415,0.6709999999999999,1
IND,8618,8707.464,0.579,0.512,CHI,8435,7633.666,0.415,0.5,1
LAC,8911,10960.425,0.579,0.622,GSW,9503,10985.374,0.415,0.8170000000000001,-1
MIN,8657,10216.868,0.579,0.37799999999999995,NOP,8556,9374.789,0.415,0.415,1
ORL,8288,8610.673,0.579,0.354,CLE,9048,11818.941,0.415,0.622,-1
SAC,8430,7683.94,0.579,0.39,DEN,9161,9846.373,0.415,0.488,1
WAS,8953,9530.891,0.579,0.573,MIL,8497,9548.466999999999,0.415,0.512,-1
DAL,8029,8965.266,0.579,0.402,NYK,8556,8760.896999999999,0.415,0.37799999999999995,-1
LAL,8575,9934.864,0.579,0.317,ATL,8459,7819.476,0.415,0.524,1
MIA,8460,9959.973,0.579,0.5,UTA,8258,9237.843,0.415,0.622,1
PHO,8831,8519.06,0.579,0.293,OKC,8741,9474.283000000001,0.415,0.573,1
POR,8851,9242.277,0.579,0.518,SAS,8637,8867.79,0.415,0.7440000000000001,1
BRK,8673,8642.961,0.579,0.244,TOR,8762,8777.806,0.415,0.652,-1
CHI,8435,7633.666,0.579,0.5,HOU,9458,11505.219,0.415,0.6709999999999999,-1
GSW,9503,10985.374,0.579,0.8170000000000001,DEN,9161,9846.373,0.415,0.488,1
IND,8618,8707.464,0.579,0.512,MIL,8497,9548.466999999999,0.415,0.512,1
LAC,8911,10960.425,0.579,0.622,ATL,8459,7819.476,0.415,0.524,1
MIN,8657,10216.868,0.579,0.37799999999999995,CLE,9048,11818.941,0.415,0.622,1
NOP,8556,9374.789,0.579,0.415,DET,8309,9665.3,0.415,0.451,1
SAC,8430,7683.94,0.579,0.39,SAS,8637,8867.79,0.415,0.7440000000000001,-1
DAL,8029,8965.266,0.579,0.402,ORL,8288,8610.673,0.415,0.354,1
LAL,8575,9934.864,0.579,0.317,SAC,8430,7683.94,0.415,0.39,1
OKC,8741,9474.283000000001,0.579,0.573,POR,8851,9242.277,0.415,0.518,-1
TOR,8762,8777.806,0.579,0.652,MIA,8460,9959.973,0.415,0.5,-1
BRK,8673,8642.961,0.579,0.244,DET,8309,9665.3,0.415,0.451,-1
CHO,8601,9854.734,0.579,0.439,DAL,8029,8965.266,0.415,0.402,-1
DEN,9161,9846.373,0.579,0.488,ATL,8459,7819.476,0.415,0.524,-1
GSW,9503,10985.374,0.579,0.8170000000000001,LAC,8911,10960.425,0.415,0.622,-1
HOU,9458,11505.219,0.579,0.6709999999999999,POR,8851,9242.277,0.415,0.518,1
IND,8618,8707.464,0.579,0.512,MIA,8460,9959.973,0.415,0.5,-1
MEM,8239,8101.665,0.579,0.524,NOP,8556,9374.789,0.415,0.415,1
MIL,8497,9548.466999999999,0.579,0.512,ORL,8288,8610.673,0.415,0.354,1
MIN,8657,10216.868,0.579,0.37799999999999995,OKC,8741,9474.283000000001,0.415,0.573,1
NYK,8556,8760.896999999999,0.579,0.37799999999999995,CHI,8435,7633.666,0.415,0.5,-1
WAS,8953,9530.891,0.579,0.573,UTA,8258,9237.843,0.415,0.622,-1
LAL,8575,9934.864,0.579,0.317,SAS,8637,8867.79,0.415,0.7440000000000001,1
PHI,8400,9261.556999999999,0.579,0.341,BOS,8857,10118.253,0.415,0.6459999999999999,-1
SAC,8430,7683.94,0.579,0.39,LAC,8911,10960.425,0.415,0.622,-1
TOR,8762,8777.806,0.579,0.652,CLE,9048,11818.941,0.415,0.622,1
ATL,8459,7819.476,0.579,0.524,BRK,8673,8642.961,0.415,0.244,-1
CHO,8601,9854.734,0.579,0.439,UTA,8258,9237.843,0.415,0.622,1
DEN,9161,9846.373,0.579,0.488,MEM,8239,8101.665,0.415,0.524,1
IND,8618,8707.464,0.579,0.512,CLE,9048,11818.941,0.415,0.622,1
MIL,8497,9548.466999999999,0.579,0.512,GSW,9503,10985.374,0.415,0.8170000000000001,-1
MIN,8657,10216.868,0.579,0.37799999999999995,NYK,8556,8760.896999999999,0.415,0.37799999999999995,1
NOP,8556,9374.789,0.579,0.415,POR,8851,9242.277,0.415,0.518,1
PHO,8831,8519.06,0.579,0.293,HOU,9458,11505.219,0.415,0.6709999999999999,-1
WAS,8953,9530.891,0.579,0.573,ORL,8288,8610.673,0.415,0.354,1
CHI,8435,7633.666,0.579,0.5,DET,8309,9665.3,0.415,0.451,1
CHO,8601,9854.734,0.579,0.439,OKC,8741,9474.283000000001,0.415,0.573,-1
DAL,8029,8965.266,0.579,0.402,LAL,8575,9934.864,0.415,0.317,-1
LAC,8911,10960.425,0.579,0.622,SAC,8430,7683.94,0.415,0.39,1
SAS,8637,8867.79,0.579,0.7440000000000001,DEN,9161,9846.373,0.415,0.488,1
TOR,8762,8777.806,0.579,0.652,GSW,9503,10985.374,0.415,0.8170000000000001,-1
WAS,8953,9530.891,0.579,0.573,BRK,8673,8642.961,0.415,0.244,1
MIA,8460,9959.973,0.579,0.5,MIL,8497,9548.466999999999,0.415,0.512,1
MIN,8657,10216.868,0.579,0.37799999999999995,POR,8851,9242.277,0.415,0.518,1
NYK,8556,8760.896999999999,0.579,0.37799999999999995,NOP,8556,9374.789,0.415,0.415,-1
PHO,8831,8519.06,0.579,0.293,IND,8618,8707.464,0.415,0.512,-1
ATL,8459,7819.476,0.579,0.524,SAS,8637,8867.79,0.415,0.7440000000000001,1
BRK,8673,8642.961,0.579,0.244,NYK,8556,8760.896999999999,0.415,0.37799999999999995,-1
CHI,8435,7633.666,0.579,0.5,MIA,8460,9959.973,0.415,0.5,1
CLE,9048,11818.941,0.579,0.622,GSW,9503,10985.374,0.415,0.8170000000000001,-1
DET,8309,9665.3,0.579,0.451,CHO,8601,9854.734,0.415,0.439,-1
LAC,8911,10960.425,0.579,0.622,HOU,9458,11505.219,0.415,0.6709999999999999,1
MEM,8239,8101.665,0.579,0.524,LAL,8575,9934.864,0.415,0.317,1
OKC,8741,9474.283000000001,0.579,0.573,SAC,8430,7683.94,0.415,0.39,1
PHI,8400,9261.556999999999,0.579,0.341,TOR,8762,8777.806,0.415,0.652,1
UTA,8258,9237.843,0.579,0.622,IND,8618,8707.464,0.415,0.512,-1
WAS,8953,9530.891,0.579,0.573,MIL,8497,9548.466999999999,0.415,0.512,-1
BOS,8857,10118.253,0.579,0.6459999999999999,NOP,8556,9374.789,0.415,0.415,-1
DEN,9161,9846.373,0.579,0.488,DAL,8029,8965.266,0.415,0.402,1
ORL,8288,8610.673,0.579,0.354,MIN,8657,10216.868,0.415,0.37799999999999995,1
POR,8851,9242.277,0.579,0.518,PHO,8831,8519.06,0.415,0.293,1
ATL,8459,7819.476,0.579,0.524,NOP,8556,9374.789,0.415,0.415,1
BRK,8673,8642.961,0.579,0.244,SAS,8637,8867.79,0.415,0.7440000000000001,-1
CHI,8435,7633.666,0.579,0.5,GSW,9503,10985.374,0.415,0.8170000000000001,-1
CHO,8601,9854.734,0.579,0.439,WAS,8953,9530.891,0.415,0.573,1
LAC,8911,10960.425,0.579,0.622,DEN,9161,9846.373,0.415,0.488,1
MEM,8239,8101.665,0.579,0.524,NYK,8556,8760.896999999999,0.415,0.37799999999999995,1
MIL,8497,9548.466999999999,0.579,0.512,MIA,8460,9959.973,0.415,0.5,-1
OKC,8741,9474.283000000001,0.579,0.573,LAL,8575,9934.864,0.415,0.317,1
SAC,8430,7683.94,0.579,0.39,UTA,8258,9237.843,0.415,0.622,-1
TOR,8762,8777.806,0.579,0.652,DET,8309,9665.3,0.415,0.451,1
BOS,8857,10118.253,0.579,0.6459999999999999,PHI,8400,9261.556999999999,0.415,0.341,-1
CLE,9048,11818.941,0.579,0.622,ORL,8288,8610.673,0.415,0.354,1
HOU,9458,11505.219,0.579,0.6709999999999999,MIN,8657,10216.868,0.415,0.37799999999999995,1
POR,8851,9242.277,0.579,0.518,IND,8618,8707.464,0.415,0.512,1
BRK,8673,8642.961,0.579,0.244,MIA,8460,9959.973,0.415,0.5,1
DEN,9161,9846.373,0.579,0.488,PHO,8831,8519.06,0.415,0.293,-1
DET,8309,9665.3,0.579,0.451,WAS,8953,9530.891,0.415,0.573,-1
LAL,8575,9934.864,0.579,0.317,IND,8618,8707.464,0.415,0.512,1
MEM,8239,8101.665,0.579,0.524,SAC,8430,7683.94,0.415,0.39,1
TOR,8762,8777.806,0.579,0.652,SAS,8637,8867.79,0.415,0.7440000000000001,1
UTA,8258,9237.843,0.579,0.622,NYK,8556,8760.896999999999,0.415,0.37799999999999995,-1
ATL,8459,7819.476,0.579,0.524,CHI,8435,7633.666,0.415,0.5,-1
CHO,8601,9854.734,0.579,0.439,MIA,8460,9959.973,0.415,0.5,-1
CLE,9048,11818.941,0.579,0.622,OKC,8741,9474.283000000001,0.415,0.573,-1
HOU,9458,11505.219,0.579,0.6709999999999999,GSW,9503,10985.374,0.415,0.8170000000000001,1
MIN,8657,10216.868,0.579,0.37799999999999995,TOR,8762,8777.806,0.415,0.652,1
NOP,8556,9374.789,0.579,0.415,MEM,8239,8101.665,0.415,0.524,1
PHI,8400,9261.556999999999,0.579,0.341,MIL,8497,9548.466999999999,0.415,0.512,1
POR,8851,9242.277,0.579,0.518,DAL,8029,8965.266,0.415,0.402,1
UTA,8258,9237.843,0.579,0.622,LAC,8911,10960.425,0.415,0.622,1
BOS,8857,10118.253,0.579,0.6459999999999999,ORL,8288,8610.673,0.415,0.354,-1
DET,8309,9665.3,0.579,0.451,BRK,8673,8642.961,0.415,0.244,-1
LAL,8575,9934.864,0.579,0.317,NYK,8556,8760.896999999999,0.415,0.37799999999999995,1
SAS,8637,8867.79,0.579,0.7440000000000001,IND,8618,8707.464,0.415,0.512,-1
ATL,8459,7819.476,0.579,0.524,UTA,8258,9237.843,0.415,0.622,1
CHO,8601,9854.734,0.579,0.439,SAC,8430,7683.94,0.415,0.39,1
DAL,8029,8965.266,0.579,0.402,WAS,8953,9530.891,0.415,0.573,1
DEN,9161,9846.373,0.579,0.488,POR,8851,9242.277,0.415,0.518,1
HOU,9458,11505.219,0.579,0.6709999999999999,MIA,8460,9959.973,0.415,0.5,1
LAC,8911,10960.425,0.579,0.622,MIN,8657,10216.868,0.415,0.37799999999999995,-1
MEM,8239,8101.665,0.579,0.524,PHI,8400,9261.556999999999,0.415,0.341,1
MIL,8497,9548.466999999999,0.579,0.512,PHO,8831,8519.06,0.415,0.293,1
NOP,8556,9374.789,0.579,0.415,CHI,8435,7633.666,0.415,0.5,1
GSW,9503,10985.374,0.579,0.8170000000000001,NYK,8556,8760.896999999999,0.415,0.37799999999999995,1
LAL,8575,9934.864,0.579,0.317,BOS,8857,10118.253,0.415,0.6459999999999999,1
OKC,8741,9474.283000000001,0.579,0.573,BRK,8673,8642.961,0.415,0.244,1
ORL,8288,8610.673,0.579,0.354,SAC,8430,7683.94,0.415,0.39,-1
SAS,8637,8867.79,0.579,0.7440000000000001,CLE,9048,11818.941,0.415,0.622,1
ATL,8459,7819.476,0.579,0.524,TOR,8762,8777.806,0.415,0.652,-1
CHO,8601,9854.734,0.579,0.439,NOP,8556,9374.789,0.415,0.415,-1
DAL,8029,8965.266,0.579,0.402,HOU,9458,11505.219,0.415,0.6709999999999999,-1
DET,8309,9665.3,0.579,0.451,UTA,8258,9237.843,0.415,0.622,-1
IND,8618,8707.464,0.579,0.512,PHO,8831,8519.06,0.415,0.293,1
LAC,8911,10960.425,0.579,0.622,BOS,8857,10118.253,0.415,0.6459999999999999,-1
MEM,8239,8101.665,0.579,0.524,SAS,8637,8867.79,0.415,0.7440000000000001,-1
PHI,8400,9261.556999999999,0.579,0.341,CHI,8435,7633.666,0.415,0.5,1
POR,8851,9242.277,0.579,0.518,MIN,8657,10216.868,0.415,0.37799999999999995,1
DEN,9161,9846.373,0.579,0.488,NYK,8556,8760.896999999999,0.415,0.37799999999999995,1
GSW,9503,10985.374,0.579,0.8170000000000001,MIN,8657,10216.868,0.415,0.37799999999999995,1
MIA,8460,9959.973,0.579,0.5,SAC,8430,7683.94,0.415,0.39,-1
OKC,8741,9474.283000000001,0.579,0.573,WAS,8953,9530.891,0.415,0.573,1
CHI,8435,7633.666,0.579,0.5,LAL,8575,9934.864,0.415,0.317,-1
CHO,8601,9854.734,0.579,0.439,ATL,8459,7819.476,0.415,0.524,1
CLE,9048,11818.941,0.579,0.622,IND,8618,8707.464,0.415,0.512,1
DAL,8029,8965.266,0.579,0.402,POR,8851,9242.277,0.415,0.518,-1
MEM,8239,8101.665,0.579,0.524,LAC,8911,10960.425,0.415,0.622,-1
MIL,8497,9548.466999999999,0.579,0.512,BRK,8673,8642.961,0.415,0.244,1
NOP,8556,9374.789,0.579,0.415,HOU,9458,11505.219,0.415,0.6709999999999999,1
PHO,8831,8519.06,0.579,0.293,NYK,8556,8760.896999999999,0.415,0.37799999999999995,-1
SAS,8637,8867.79,0.579,0.7440000000000001,PHI,8400,9261.556999999999,0.415,0.341,-1
TOR,8762,8777.806,0.579,0.652,UTA,8258,9237.843,0.415,0.622,-1
ATL,8459,7819.476,0.579,0.524,WAS,8953,9530.891,0.415,0.573,-1
DEN,9161,9846.373,0.579,0.488,DAL,8029,8965.266,0.415,0.402,1
DET,8309,9665.3,0.579,0.451,OKC,8741,9474.283000000001,0.415,0.573,-1
GSW,9503,10985.374,0.579,0.8170000000000001,BOS,8857,10118.253,0.415,0.6459999999999999,1
IND,8618,8707.464,0.579,0.512,ORL,8288,8610.673,0.415,0.354,1
MIA,8460,9959.973,0.579,0.5,CHO,8601,9854.734,0.415,0.439,1
MIN,8657,10216.868,0.579,0.37799999999999995,BRK,8673,8642.961,0.415,0.244,1
CHI,8435,7633.666,0.579,0.5,MIL,8497,9548.466999999999,0.415,0.512,-1
CLE,9048,11818.941,0.579,0.622,DET,8309,9665.3,0.415,0.451,1
HOU,9458,11505.219,0.579,0.6709999999999999,PHO,8831,8519.06,0.415,0.293,1
NOP,8556,9374.789,0.579,0.415,LAC,8911,10960.425,0.415,0.622,-1
OKC,8741,9474.283000000001,0.579,0.573,PHI,8400,9261.556999999999,0.415,0.341,1
SAS,8637,8867.79,0.579,0.7440000000000001,SAC,8430,7683.94,0.415,0.39,1
TOR,8762,8777.806,0.579,0.652,LAL,8575,9934.864,0.415,0.317,1
ATL,8459,7819.476,0.579,0.524,MIN,8657,10216.868,0.415,0.37799999999999995,1
DAL,8029,8965.266,0.579,0.402,MIA,8460,9959.973,0.415,0.5,-1
DEN,9161,9846.373,0.579,0.488,BOS,8857,10118.253,0.415,0.6459999999999999,-1
IND,8618,8707.464,0.579,0.512,CHO,8601,9854.734,0.415,0.439,1
MEM,8239,8101.665,0.579,0.524,PHO,8831,8519.06,0.415,0.293,1
MIL,8497,9548.466999999999,0.579,0.512,PHI,8400,9261.556999999999,0.415,0.341,1
DET,8309,9665.3,0.579,0.451,CLE,9048,11818.941,0.415,0.622,1
HOU,9458,11505.219,0.579,0.6709999999999999,ORL,8288,8610.673,0.415,0.354,1
LAC,8911,10960.425,0.579,0.622,POR,8851,9242.277,0.415,0.518,-1
NOP,8556,9374.789,0.579,0.415,SAC,8430,7683.94,0.415,0.39,-1
NYK,8556,8760.896999999999,0.579,0.37799999999999995,BRK,8673,8642.961,0.415,0.244,1
SAS,8637,8867.79,0.579,0.7440000000000001,DEN,9161,9846.373,0.415,0.488,1
TOR,8762,8777.806,0.579,0.652,MIN,8657,10216.868,0.415,0.37799999999999995,1
UTA,8258,9237.843,0.579,0.622,GSW,9503,10985.374,0.415,0.8170000000000001,1
WAS,8953,9530.891,0.579,0.573,OKC,8741,9474.283000000001,0.415,0.573,1
ATL,8459,7819.476,0.579,0.524,CHO,8601,9854.734,0.415,0.439,-1
BOS,8857,10118.253,0.579,0.6459999999999999,NYK,8556,8760.896999999999,0.415,0.37799999999999995,1
BRK,8673,8642.961,0.579,0.244,PHI,8400,9261.556999999999,0.415,0.341,1
CLE,9048,11818.941,0.579,0.622,MIA,8460,9959.973,0.415,0.5,1
IND,8618,8707.464,0.579,0.512,MEM,8239,8101.665,0.415,0.524,1
ORL,8288,8610.673,0.579,0.354,LAL,8575,9934.864,0.415,0.317,1
PHO,8831,8519.06,0.579,0.293,DAL,8029,8965.266,0.415,0.402,1
POR,8851,9242.277,0.579,0.518,CHI,8435,7633.666,0.415,0.5,1
DEN,9161,9846.373,0.579,0.488,OKC,8741,9474.283000000001,0.415,0.573,1
DET,8309,9665.3,0.579,0.451,MEM,8239,8101.665,0.415,0.524,1
MIN,8657,10216.868,0.579,0.37799999999999995,MIL,8497,9548.466999999999,0.415,0.512,1
SAS,8637,8867.79,0.579,0.7440000000000001,HOU,9458,11505.219,0.415,0.6709999999999999,-1
WAS,8953,9530.891,0.579,0.573,TOR,8762,8777.806,0.415,0.652,1
BOS,8857,10118.253,0.579,0.6459999999999999,ATL,8459,7819.476,0.415,0.524,1
BRK,8673,8642.961,0.579,0.244,LAL,8575,9934.864,0.415,0.317,-1
CHO,8601,9854.734,0.579,0.439,IND,8618,8707.464,0.415,0.512,1
MIL,8497,9548.466999999999,0.579,0.512,NYK,8556,8760.896999999999,0.415,0.37799999999999995,1
OKC,8741,9474.283000000001,0.579,0.573,NOP,8556,9374.789,0.415,0.415,-1
PHI,8400,9261.556999999999,0.579,0.341,MIA,8460,9959.973,0.415,0.5,1
PHO,8831,8519.06,0.579,0.293,UTA,8258,9237.843,0.415,0.622,-1
SAC,8430,7683.94,0.579,0.39,GSW,9503,10985.374,0.415,0.8170000000000001,-1
TOR,8762,8777.806,0.579,0.652,POR,8851,9242.277,0.415,0.518,1
CLE,9048,11818.941,0.579,0.622,HOU,9458,11505.219,0.415,0.6709999999999999,-1
DEN,9161,9846.373,0.579,0.488,GSW,9503,10985.374,0.415,0.8170000000000001,1
DET,8309,9665.3,0.579,0.451,MIA,8460,9959.973,0.415,0.5,1
IND,8618,8707.464,0.579,0.512,PHI,8400,9261.556999999999,0.415,0.341,1
LAC,8911,10960.425,0.579,0.622,CHI,8435,7633.666,0.415,0.5,1
MIN,8657,10216.868,0.579,0.37799999999999995,NOP,8556,9374.789,0.415,0.415,1
ORL,8288,8610.673,0.579,0.354,WAS,8953,9530.891,0.415,0.573,-1
SAC,8430,7683.94,0.579,0.39,DAL,8029,8965.266,0.415,0.402,-1
SAS,8637,8867.79,0.579,0.7440000000000001,UTA,8258,9237.843,0.415,0.622,-1
BOS,8857,10118.253,0.579,0.6459999999999999,POR,8851,9242.277,0.415,0.518,1
BRK,8673,8642.961,0.579,0.244,MIL,8497,9548.466999999999,0.415,0.512,-1
NYK,8556,8760.896999999999,0.579,0.37799999999999995,ATL,8459,7819.476,0.415,0.524,-1
OKC,8741,9474.283000000001,0.579,0.573,LAL,8575,9934.864,0.415,0.317,-1
PHO,8831,8519.06,0.579,0.293,CHO,8601,9854.734,0.415,0.439,-1
TOR,8762,8777.806,0.579,0.652,MEM,8239,8101.665,0.415,0.524,1
DEN,9161,9846.373,0.579,0.488,CHO,8601,9854.734,0.415,0.439,1
DET,8309,9665.3,0.579,0.451,POR,8851,9242.277,0.415,0.518,1
IND,8618,8707.464,0.579,0.512,WAS,8953,9530.891,0.415,0.573,-1
LAC,8911,10960.425,0.579,0.622,DAL,8029,8965.266,0.415,0.402,1
MIA,8460,9959.973,0.579,0.5,ORL,8288,8610.673,0.415,0.354,-1
NOP,8556,9374.789,0.579,0.415,UTA,8258,9237.843,0.415,0.622,-1
SAC,8430,7683.94,0.579,0.39,CHI,8435,7633.666,0.415,0.5,1
ATL,8459,7819.476,0.579,0.524,MEM,8239,8101.665,0.415,0.524,1
BRK,8673,8642.961,0.579,0.244,HOU,9458,11505.219,0.415,0.6709999999999999,-1
GSW,9503,10985.374,0.579,0.8170000000000001,OKC,8741,9474.283000000001,0.415,0.573,-1
LAL,8575,9934.864,0.579,0.317,PHO,8831,8519.06,0.415,0.293,1
NYK,8556,8760.896999999999,0.579,0.37799999999999995,MIL,8497,9548.466999999999,0.415,0.512,-1
ORL,8288,8610.673,0.579,0.354,CLE,9048,11818.941,0.415,0.622,1
PHI,8400,9261.556999999999,0.579,0.341,WAS,8953,9530.891,0.415,0.573,1
TOR,8762,8777.806,0.579,0.652,BOS,8857,10118.253,0.415,0.6459999999999999,1
CLE,9048,11818.941,0.579,0.622,MIN,8657,10216.868,0.415,0.37799999999999995,1
DET,8309,9665.3,0.579,0.451,BRK,8673,8642.961,0.415,0.244,1
MEM,8239,8101.665,0.579,0.524,UTA,8258,9237.843,0.415,0.622,-1
MIA,8460,9959.973,0.579,0.5,HOU,9458,11505.219,0.415,0.6709999999999999,-1
PHO,8831,8519.06,0.579,0.293,SAS,8637,8867.79,0.415,0.7440000000000001,-1
GSW,9503,10985.374,0.579,0.8170000000000001,DAL,8029,8965.266,0.415,0.402,1
LAL,8575,9934.864,0.579,0.317,OKC,8741,9474.283000000001,0.415,0.573,1
ORL,8288,8610.673,0.579,0.354,ATL,8459,7819.476,0.415,0.524,1
POR,8851,9242.277,0.579,0.518,CHO,8601,9854.734,0.415,0.439,1
TOR,8762,8777.806,0.579,0.652,NYK,8556,8760.896999999999,0.415,0.37799999999999995,1
WAS,8953,9530.891,0.579,0.573,BOS,8857,10118.253,0.415,0.6459999999999999,-1
ATL,8459,7819.476,0.579,0.524,CLE,9048,11818.941,0.415,0.622,-1
BOS,8857,10118.253,0.579,0.6459999999999999,IND,8618,8707.464,0.415,0.512,-1
CHI,8435,7633.666,0.579,0.5,MIN,8657,10216.868,0.415,0.37799999999999995,1
DET,8309,9665.3,0.579,0.451,LAC,8911,10960.425,0.415,0.622,-1
HOU,9458,11505.219,0.579,0.6709999999999999,DEN,9161,9846.373,0.415,0.488,1
MIA,8460,9959.973,0.579,0.5,MIL,8497,9548.466999999999,0.415,0.512,1
PHI,8400,9261.556999999999,0.579,0.341,NOP,8556,9374.789,0.415,0.415,1
SAC,8430,7683.94,0.579,0.39,POR,8851,9242.277,0.415,0.518,-1
UTA,8258,9237.843,0.579,0.622,CHO,8601,9854.734,0.415,0.439,1
BRK,8673,8642.961,0.579,0.244,NOP,8556,9374.789,0.415,0.415,-1
CHI,8435,7633.666,0.579,0.5,WAS,8953,9530.891,0.415,0.573,-1
DAL,8029,8965.266,0.579,0.402,LAL,8575,9934.864,0.415,0.317,1
GSW,9503,10985.374,0.579,0.8170000000000001,SAS,8637,8867.79,0.415,0.7440000000000001,1
ORL,8288,8610.673,0.579,0.354,MIL,8497,9548.466999999999,0.415,0.512,-1
PHI,8400,9261.556999999999,0.579,0.341,LAC,8911,10960.425,0.415,0.622,1
PHO,8831,8519.06,0.579,0.293,DEN,9161,9846.373,0.415,0.488,-1
ATL,8459,7819.476,0.579,0.524,DET,8309,9665.3,0.415,0.451,1
BOS,8857,10118.253,0.579,0.6459999999999999,CLE,9048,11818.941,0.415,0.622,-1
CHO,8601,9854.734,0.579,0.439,TOR,8762,8777.806,0.415,0.652,-1
HOU,9458,11505.219,0.579,0.6709999999999999,DAL,8029,8965.266,0.415,0.402,1
IND,8618,8707.464,0.579,0.512,NYK,8556,8760.896999999999,0.415,0.37799999999999995,1
MIN,8657,10216.868,0.579,0.37799999999999995,SAC,8430,7683.94,0.415,0.39,1
OKC,8741,9474.283000000001,0.579,0.573,MEM,8239,8101.665,0.415,0.524,1
POR,8851,9242.277,0.579,0.518,UTA,8258,9237.843,0.415,0.622,-1
BRK,8673,8642.961,0.579,0.244,LAC,8911,10960.425,0.415,0.622,-1
CHI,8435,7633.666,0.579,0.5,ORL,8288,8610.673,0.415,0.354,1
DET,8309,9665.3,0.579,0.451,NOP,8556,9374.789,0.415,0.415,-1
GSW,9503,10985.374,0.579,0.8170000000000001,PHO,8831,8519.06,0.415,0.293,1
PHI,8400,9261.556999999999,0.579,0.341,NYK,8556,8760.896999999999,0.415,0.37799999999999995,1
UTA,8258,9237.843,0.579,0.622,SAS,8637,8867.79,0.415,0.7440000000000001,1
DAL,8029,8965.266,0.579,0.402,SAC,8430,7683.94,0.415,0.39,-1
DEN,9161,9846.373,0.579,0.488,SAS,8637,8867.79,0.415,0.7440000000000001,1
MIL,8497,9548.466999999999,0.579,0.512,ATL,8459,7819.476,0.415,0.524,1
MIN,8657,10216.868,0.579,0.37799999999999995,HOU,9458,11505.219,0.415,0.6709999999999999,-1
OKC,8741,9474.283000000001,0.579,0.573,CLE,9048,11818.941,0.415,0.622,-1
TOR,8762,8777.806,0.579,0.652,MIA,8460,9959.973,0.415,0.5,1
BOS,8857,10118.253,0.579,0.6459999999999999,LAC,8911,10960.425,0.415,0.622,-1
BRK,8673,8642.961,0.579,0.244,IND,8618,8707.464,0.415,0.512,-1
CHI,8435,7633.666,0.579,0.5,TOR,8762,8777.806,0.415,0.652,-1
DET,8309,9665.3,0.579,0.451,ATL,8459,7819.476,0.415,0.524,1
HOU,9458,11505.219,0.579,0.6709999999999999,SAC,8430,7683.94,0.415,0.39,1
MEM,8239,8101.665,0.579,0.524,OKC,8741,9474.283000000001,0.415,0.573,-1
NOP,8556,9374.789,0.579,0.415,LAL,8575,9934.864,0.415,0.317,1
NYK,8556,8760.896999999999,0.579,0.37799999999999995,WAS,8953,9530.891,0.415,0.573,-1
ORL,8288,8610.673,0.579,0.354,CHO,8601,9854.734,0.415,0.439,-1
PHI,8400,9261.556999999999,0.579,0.341,MIA,8460,9959.973,0.415,0.5,1
POR,8851,9242.277,0.579,0.518,GSW,9503,10985.374,0.415,0.8170000000000001,1
UTA,8258,9237.843,0.579,0.622,PHO,8831,8519.06,0.415,0.293,1
MIL,8497,9548.466999999999,0.579,0.512,DEN,9161,9846.373,0.415,0.488,-1
MIN,8657,10216.868,0.579,0.37799999999999995,LAL,8575,9934.864,0.415,0.317,1
CHI,8435,7633.666,0.579,0.5,PHI,8400,9261.556999999999,0.415,0.341,-1
CHO,8601,9854.734,0.579,0.439,BRK,8673,8642.961,0.415,0.244,1
CLE,9048,11818.941,0.579,0.622,WAS,8953,9530.891,0.415,0.573,-1
GSW,9503,10985.374,0.579,0.8170000000000001,LAC,8911,10960.425,0.415,0.622,1
ORL,8288,8610.673,0.579,0.354,NYK,8556,8760.896999999999,0.415,0.37799999999999995,-1
SAC,8430,7683.94,0.579,0.39,OKC,8741,9474.283000000001,0.415,0.573,-1
DEN,9161,9846.373,0.579,0.488,SAS,8637,8867.79,0.415,0.7440000000000001,1
DET,8309,9665.3,0.579,0.451,BOS,8857,10118.253,0.415,0.6459999999999999,-1
HOU,9458,11505.219,0.579,0.6709999999999999,MIN,8657,10216.868,0.415,0.37799999999999995,1
IND,8618,8707.464,0.579,0.512,ATL,8459,7819.476,0.415,0.524,1
LAL,8575,9934.864,0.579,0.317,DAL,8029,8965.266,0.415,0.402,1
MEM,8239,8101.665,0.579,0.524,CLE,9048,11818.941,0.415,0.622,-1
NOP,8556,9374.789,0.579,0.415,MIA,8460,9959.973,0.415,0.5,1
PHO,8831,8519.06,0.579,0.293,LAC,8911,10960.425,0.415,0.622,-1
TOR,8762,8777.806,0.579,0.652,MIL,8497,9548.466999999999,0.415,0.512,-1
UTA,8258,9237.843,0.579,0.622,POR,8851,9242.277,0.415,0.518,-1
WAS,8953,9530.891,0.579,0.573,CHO,8601,9854.734,0.415,0.439,-1
GSW,9503,10985.374,0.579,0.8170000000000001,OKC,8741,9474.283000000001,0.415,0.573,1
MIA,8460,9959.973,0.579,0.5,MEM,8239,8101.665,0.415,0.524,1
MIN,8657,10216.868,0.579,0.37799999999999995,CHI,8435,7633.666,0.415,0.5,1
NYK,8556,8760.896999999999,0.579,0.37799999999999995,BOS,8857,10118.253,0.415,0.6459999999999999,-1
PHI,8400,9261.556999999999,0.579,0.341,ORL,8288,8610.673,0.415,0.354,1
PHO,8831,8519.06,0.579,0.293,POR,8851,9242.277,0.415,0.518,-1
SAC,8430,7683.94,0.579,0.39,LAL,8575,9934.864,0.415,0.317,-1
UTA,8258,9237.843,0.579,0.622,DAL,8029,8965.266,0.415,0.402,1
CHO,8601,9854.734,0.579,0.439,DET,8309,9665.3,0.415,0.451,1
CLE,9048,11818.941,0.579,0.622,SAS,8637,8867.79,0.415,0.7440000000000001,-1
DEN,9161,9846.373,0.579,0.488,HOU,9458,11505.219,0.415,0.6709999999999999,-1
MIL,8497,9548.466999999999,0.579,0.512,NOP,8556,9374.789,0.415,0.415,-1
WAS,8953,9530.891,0.579,0.573,PHI,8400,9261.556999999999,0.415,0.341,1
ATL,8459,7819.476,0.579,0.524,LAL,8575,9934.864,0.415,0.317,-1
BOS,8857,10118.253,0.579,0.6459999999999999,MEM,8239,8101.665,0.415,0.524,1
BRK,8673,8642.961,0.579,0.244,CHI,8435,7633.666,0.415,0.5,1
DAL,8029,8965.266,0.579,0.402,IND,8618,8707.464,0.415,0.512,1
NOP,8556,9374.789,0.579,0.415,PHO,8831,8519.06,0.415,0.293,1
NYK,8556,8760.896999999999,0.579,0.37799999999999995,GSW,9503,10985.374,0.415,0.8170000000000001,-1
OKC,8741,9474.283000000001,0.579,0.573,ORL,8288,8610.673,0.415,0.354,1
SAC,8430,7683.94,0.579,0.39,MIN,8657,10216.868,0.415,0.37799999999999995,-1
TOR,8762,8777.806,0.579,0.652,DET,8309,9665.3,0.415,0.451,1
UTA,8258,9237.843,0.579,0.622,HOU,9458,11505.219,0.415,0.6709999999999999,-1
CHO,8601,9854.734,0.579,0.439,CHI,8435,7633.666,0.415,0.5,1
CLE,9048,11818.941,0.579,0.622,BRK,8673,8642.961,0.415,0.244,1
DEN,9161,9846.373,0.579,0.488,LAC,8911,10960.425,0.415,0.622,-1
MIA,8460,9959.973,0.579,0.5,PHI,8400,9261.556999999999,0.415,0.341,1
MIL,8497,9548.466999999999,0.579,0.512,WAS,8953,9530.891,0.415,0.573,-1
POR,8851,9242.277,0.579,0.518,SAC,8430,7683.94,0.415,0.39,1
ATL,8459,7819.476,0.579,0.524,IND,8618,8707.464,0.415,0.512,1
BOS,8857,10118.253,0.579,0.6459999999999999,CHO,8601,9854.734,0.415,0.439,1
DAL,8029,8965.266,0.579,0.402,OKC,8741,9474.283000000001,0.415,0.573,-1
DET,8309,9665.3,0.579,0.451,MIL,8497,9548.466999999999,0.415,0.512,1
LAC,8911,10960.425,0.579,0.622,HOU,9458,11505.219,0.415,0.6709999999999999,-1
MEM,8239,8101.665,0.579,0.524,PHO,8831,8519.06,0.415,0.293,-1
ORL,8288,8610.673,0.579,0.354,TOR,8762,8777.806,0.415,0.652,-1
SAS,8637,8867.79,0.579,0.7440000000000001,NOP,8556,9374.789,0.415,0.415,-1
WAS,8953,9530.891,0.579,0.573,GSW,9503,10985.374,0.415,0.8170000000000001,-1
CLE,9048,11818.941,0.579,0.622,PHI,8400,9261.556999999999,0.415,0.341,-1
MIA,8460,9959.973,0.579,0.5,LAL,8575,9934.864,0.415,0.317,-1
POR,8851,9242.277,0.579,0.518,MIN,8657,10216.868,0.415,0.37799999999999995,1
SAC,8430,7683.94,0.579,0.39,BRK,8673,8642.961,0.415,0.244,1
ATL,8459,7819.476,0.579,0.524,GSW,9503,10985.374,0.415,0.8170000000000001,-1
CHI,8435,7633.666,0.579,0.5,DAL,8029,8965.266,0.415,0.402,1
LAC,8911,10960.425,0.579,0.622,NYK,8556,8760.896999999999,0.415,0.37799999999999995,1
MEM,8239,8101.665,0.579,0.524,DEN,9161,9846.373,0.415,0.488,-1
MIL,8497,9548.466999999999,0.579,0.512,IND,8618,8707.464,0.415,0.512,-1
ORL,8288,8610.673,0.579,0.354,DET,8309,9665.3,0.415,0.451,1
PHI,8400,9261.556999999999,0.579,0.341,CHO,8601,9854.734,0.415,0.439,1
PHO,8831,8519.06,0.579,0.293,OKC,8741,9474.283000000001,0.415,0.573,-1
UTA,8258,9237.843,0.579,0.622,MIN,8657,10216.868,0.415,0.37799999999999995,1
WAS,8953,9530.891,0.579,0.573,TOR,8762,8777.806,0.415,0.652,-1
CLE,9048,11818.941,0.579,0.622,DEN,9161,9846.373,0.415,0.488,-1
HOU,9458,11505.219,0.579,0.6709999999999999,BOS,8857,10118.253,0.415,0.6459999999999999,1
MIA,8460,9959.973,0.579,0.5,DET,8309,9665.3,0.415,0.451,1
ORL,8288,8610.673,0.579,0.354,MEM,8239,8101.665,0.415,0.524,1
POR,8851,9242.277,0.579,0.518,OKC,8741,9474.283000000001,0.415,0.573,1
SAC,8430,7683.94,0.579,0.39,UTA,8258,9237.843,0.415,0.622,-1
SAS,8637,8867.79,0.579,0.7440000000000001,LAL,8575,9934.864,0.415,0.317,-1
ATL,8459,7819.476,0.579,0.524,PHO,8831,8519.06,0.415,0.293,1
DAL,8029,8965.266,0.579,0.402,NOP,8556,9374.789,0.415,0.415,-1
LAC,8911,10960.425,0.579,0.622,BRK,8673,8642.961,0.415,0.244,1
MIL,8497,9548.466999999999,0.579,0.512,PHI,8400,9261.556999999999,0.415,0.341,1
SAC,8430,7683.94,0.579,0.39,NYK,8556,8760.896999999999,0.415,0.37799999999999995,1
TOR,8762,8777.806,0.579,0.652,CHO,8601,9854.734,0.415,0.439,1
WAS,8953,9530.891,0.579,0.573,IND,8618,8707.464,0.415,0.512,-1
CHI,8435,7633.666,0.579,0.5,BOS,8857,10118.253,0.415,0.6459999999999999,-1
CLE,9048,11818.941,0.579,0.622,DET,8309,9665.3,0.415,0.451,1
IND,8618,8707.464,0.579,0.512,MIL,8497,9548.466999999999,0.415,0.512,1
LAL,8575,9934.864,0.579,0.317,POR,8851,9242.277,0.415,0.518,-1
MIA,8460,9959.973,0.579,0.5,PHO,8831,8519.06,0.415,0.293,1
SAS,8637,8867.79,0.579,0.7440000000000001,MEM,8239,8101.665,0.415,0.524,1
UTA,8258,9237.843,0.579,0.622,ORL,8288,8610.673,0.415,0.354,1
CHO,8601,9854.734,0.579,0.439,PHI,8400,9261.556999999999,0.415,0.341,-1
DAL,8029,8965.266,0.579,0.402,DEN,9161,9846.373,0.415,0.488,1
GSW,9503,10985.374,0.579,0.8170000000000001,BRK,8673,8642.961,0.415,0.244,1
LAC,8911,10960.425,0.579,0.622,NOP,8556,9374.789,0.415,0.415,-1
OKC,8741,9474.283000000001,0.579,0.573,HOU,9458,11505.219,0.415,0.6709999999999999,-1
POR,8851,9242.277,0.579,0.518,NYK,8556,8760.896999999999,0.415,0.37799999999999995,1
TOR,8762,8777.806,0.579,0.652,ATL,8459,7819.476,0.415,0.524,1
WAS,8953,9530.891,0.579,0.573,MIA,8460,9959.973,0.415,0.5,1
CHI,8435,7633.666,0.579,0.5,MEM,8239,8101.665,0.415,0.524,1
DEN,9161,9846.373,0.579,0.488,CLE,9048,11818.941,0.415,0.622,-1
DET,8309,9665.3,0.579,0.451,TOR,8762,8777.806,0.415,0.652,-1
IND,8618,8707.464,0.579,0.512,UTA,8258,9237.843,0.415,0.622,-1
LAL,8575,9934.864,0.579,0.317,ORL,8288,8610.673,0.415,0.354,1
MIL,8497,9548.466999999999,0.579,0.512,HOU,9458,11505.219,0.415,0.6709999999999999,-1
SAC,8430,7683.94,0.579,0.39,NOP,8556,9374.789,0.415,0.415,-1
CHO,8601,9854.734,0.579,0.439,BRK,8673,8642.961,0.415,0.244,-1
GSW,9503,10985.374,0.579,0.8170000000000001,SAS,8637,8867.79,0.415,0.7440000000000001,1
MIA,8460,9959.973,0.579,0.5,PHI,8400,9261.556999999999,0.415,0.341,1
MIN,8657,10216.868,0.579,0.37799999999999995,BOS,8857,10118.253,0.415,0.6459999999999999,-1
OKC,8741,9474.283000000001,0.579,0.573,PHO,8831,8519.06,0.415,0.293,1
DEN,9161,9846.373,0.579,0.488,LAL,8575,9934.864,0.415,0.317,1
DET,8309,9665.3,0.579,0.451,CHI,8435,7633.666,0.415,0.5,1
IND,8618,8707.464,0.579,0.512,ATL,8459,7819.476,0.415,0.524,1
LAC,8911,10960.425,0.579,0.622,CLE,9048,11818.941,0.415,0.622,1
MEM,8239,8101.665,0.579,0.524,UTA,8258,9237.843,0.415,0.622,-1
MIL,8497,9548.466999999999,0.579,0.512,NYK,8556,8760.896999999999,0.415,0.37799999999999995,1
NOP,8556,9374.789,0.579,0.415,WAS,8953,9530.891,0.415,0.573,-1
POR,8851,9242.277,0.579,0.518,GSW,9503,10985.374,0.415,0.8170000000000001,1
SAC,8430,7683.94,0.579,0.39,ORL,8288,8610.673,0.415,0.354,1
TOR,8762,8777.806,0.579,0.652,HOU,9458,11505.219,0.415,0.6709999999999999,1
CHO,8601,9854.734,0.579,0.439,PHO,8831,8519.06,0.415,0.293,1
DAL,8029,8965.266,0.579,0.402,MEM,8239,8101.665,0.415,0.524,1
LAC,8911,10960.425,0.579,0.622,ORL,8288,8610.673,0.415,0.354,1
MIA,8460,9959.973,0.579,0.5,WAS,8953,9530.891,0.415,0.573,1
OKC,8741,9474.283000000001,0.579,0.573,SAS,8637,8867.79,0.415,0.7440000000000001,1
ATL,8459,7819.476,0.579,0.524,CHI,8435,7633.666,0.415,0.5,-1
BOS,8857,10118.253,0.579,0.6459999999999999,IND,8618,8707.464,0.415,0.512,-1
BRK,8673,8642.961,0.579,0.244,PHI,8400,9261.556999999999,0.415,0.341,-1
DAL,8029,8965.266,0.579,0.402,HOU,9458,11505.219,0.415,0.6709999999999999,-1
DEN,9161,9846.373,0.579,0.488,SAC,8430,7683.94,0.415,0.39,1
LAL,8575,9934.864,0.579,0.317,CLE,9048,11818.941,0.415,0.622,1
MIN,8657,10216.868,0.579,0.37799999999999995,GSW,9503,10985.374,0.415,0.8170000000000001,1
NOP,8556,9374.789,0.579,0.415,UTA,8258,9237.843,0.415,0.622,-1
NYK,8556,8760.896999999999,0.579,0.37799999999999995,TOR,8762,8777.806,0.415,0.652,-1
HOU,9458,11505.219,0.579,0.6709999999999999,SAS,8637,8867.79,0.415,0.7440000000000001,1
MEM,8239,8101.665,0.579,0.524,MIL,8497,9548.466999999999,0.415,0.512,-1
OKC,8741,9474.283000000001,0.579,0.573,SAC,8430,7683.94,0.415,0.39,1
POR,8851,9242.277,0.579,0.518,MIA,8460,9959.973,0.415,0.5,1
ATL,8459,7819.476,0.579,0.524,OKC,8741,9474.283000000001,0.415,0.573,-1
BRK,8673,8642.961,0.579,0.244,TOR,8762,8777.806,0.415,0.652,-1
CHI,8435,7633.666,0.579,0.5,LAC,8911,10960.425,0.415,0.622,-1
LAL,8575,9934.864,0.579,0.317,DEN,9161,9846.373,0.415,0.488,1
NOP,8556,9374.789,0.579,0.415,CHO,8601,9854.734,0.415,0.439,1
NYK,8556,8760.896999999999,0.579,0.37799999999999995,DAL,8029,8965.266,0.415,0.402,-1
PHI,8400,9261.556999999999,0.579,0.341,IND,8618,8707.464,0.415,0.512,-1
PHO,8831,8519.06,0.579,0.293,CLE,9048,11818.941,0.415,0.622,-1
SAS,8637,8867.79,0.579,0.7440000000000001,ORL,8288,8610.673,0.415,0.354,1
UTA,8258,9237.843,0.579,0.622,DET,8309,9665.3,0.415,0.451,1
WAS,8953,9530.891,0.579,0.573,MIN,8657,10216.868,0.415,0.37799999999999995,-1
BOS,8857,10118.253,0.579,0.6459999999999999,WAS,8953,9530.891,0.415,0.573,-1
GSW,9503,10985.374,0.579,0.8170000000000001,LAL,8575,9934.864,0.415,0.317,1
ORL,8288,8610.673,0.579,0.354,MIL,8497,9548.466999999999,0.415,0.512,1
SAC,8430,7683.94,0.579,0.39,MIA,8460,9959.973,0.415,0.5,1
ATL,8459,7819.476,0.579,0.524,CHO,8601,9854.734,0.415,0.439,-1
DEN,9161,9846.373,0.579,0.488,DET,8309,9665.3,0.415,0.451,1
HOU,9458,11505.219,0.579,0.6709999999999999,LAC,8911,10960.425,0.415,0.622,1
IND,8618,8707.464,0.579,0.512,TOR,8762,8777.806,0.415,0.652,-1
MEM,8239,8101.665,0.579,0.524,CHI,8435,7633.666,0.415,0.5,-1
NYK,8556,8760.896999999999,0.579,0.37799999999999995,PHI,8400,9261.556999999999,0.415,0.341,-1
POR,8851,9242.277,0.579,0.518,CLE,9048,11818.941,0.415,0.622,1
SAS,8637,8867.79,0.579,0.7440000000000001,NOP,8556,9374.789,0.415,0.415,1
UTA,8258,9237.843,0.579,0.622,PHO,8831,8519.06,0.415,0.293,1
GSW,9503,10985.374,0.579,0.8170000000000001,SAC,8430,7683.94,0.415,0.39,-1
LAL,8575,9934.864,0.579,0.317,MIA,8460,9959.973,0.415,0.5,-1
OKC,8741,9474.283000000001,0.579,0.573,LAC,8911,10960.425,0.415,0.622,1
ORL,8288,8610.673,0.579,0.354,BOS,8857,10118.253,0.415,0.6459999999999999,-1
PHI,8400,9261.556999999999,0.579,0.341,BRK,8673,8642.961,0.415,0.244,1
TOR,8762,8777.806,0.579,0.652,DAL,8029,8965.266,0.415,0.402,1
BRK,8673,8642.961,0.579,0.244,DAL,8029,8965.266,0.415,0.402,1
CHI,8435,7633.666,0.579,0.5,CLE,9048,11818.941,0.415,0.622,-1
MEM,8239,8101.665,0.579,0.524,DEN,9161,9846.373,0.415,0.488,1
MIL,8497,9548.466999999999,0.579,0.512,ATL,8459,7819.476,0.415,0.524,1
NOP,8556,9374.789,0.579,0.415,HOU,9458,11505.219,0.415,0.6709999999999999,-1
NYK,8556,8760.896999999999,0.579,0.37799999999999995,CHO,8601,9854.734,0.415,0.439,1
PHO,8831,8519.06,0.579,0.293,GSW,9503,10985.374,0.415,0.8170000000000001,-1
POR,8851,9242.277,0.579,0.518,DET,8309,9665.3,0.415,0.451,1
SAS,8637,8867.79,0.579,0.7440000000000001,MIN,8657,10216.868,0.415,0.37799999999999995,1
UTA,8258,9237.843,0.579,0.622,SAC,8430,7683.94,0.415,0.39,1
WAS,8953,9530.891,0.579,0.573,IND,8618,8707.464,0.415,0.512,1
LAC,8911,10960.425,0.579,0.622,POR,8851,9242.277,0.415,0.518,-1
MIN,8657,10216.868,0.579,0.37799999999999995,HOU,9458,11505.219,0.415,0.6709999999999999,-1
NOP,8556,9374.789,0.579,0.415,BOS,8857,10118.253,0.415,0.6459999999999999,1
TOR,8762,8777.806,0.579,0.652,OKC,8741,9474.283000000001,0.415,0.573,-1
BRK,8673,8642.961,0.579,0.244,MEM,8239,8101.665,0.415,0.524,1
CLE,9048,11818.941,0.579,0.622,MIL,8497,9548.466999999999,0.415,0.512,1
IND,8618,8707.464,0.579,0.512,LAL,8575,9934.864,0.415,0.317,1
MIA,8460,9959.973,0.579,0.5,DEN,9161,9846.373,0.415,0.488,1
NYK,8556,8760.896999999999,0.579,0.37799999999999995,CHI,8435,7633.666,0.415,0.5,1
PHI,8400,9261.556999999999,0.579,0.341,CHO,8601,9854.734,0.415,0.439,1
SAC,8430,7683.94,0.579,0.39,DET,8309,9665.3,0.415,0.451,-1
SAS,8637,8867.79,0.579,0.7440000000000001,GSW,9503,10985.374,0.415,0.8170000000000001,1
BOS,8857,10118.253,0.579,0.6459999999999999,OKC,8741,9474.283000000001,0.415,0.573,1
MIN,8657,10216.868,0.579,0.37799999999999995,LAC,8911,10960.425,0.415,0.622,1
NOP,8556,9374.789,0.579,0.415,DAL,8029,8965.266,0.415,0.402,1
ORL,8288,8610.673,0.579,0.354,TOR,8762,8777.806,0.415,0.652,-1
PHO,8831,8519.06,0.579,0.293,DET,8309,9665.3,0.415,0.451,-1
POR,8851,9242.277,0.579,0.518,HOU,9458,11505.219,0.415,0.6709999999999999,-1
UTA,8258,9237.843,0.579,0.622,ATL,8459,7819.476,0.415,0.524,-1
BRK,8673,8642.961,0.579,0.244,CHO,8601,9854.734,0.415,0.439,-1
CHI,8435,7633.666,0.579,0.5,DEN,9161,9846.373,0.415,0.488,-1
CLE,9048,11818.941,0.579,0.622,TOR,8762,8777.806,0.415,0.652,1
MIA,8460,9959.973,0.579,0.5,NYK,8556,8760.896999999999,0.415,0.37799999999999995,1
MIL,8497,9548.466999999999,0.579,0.512,LAC,8911,10960.425,0.415,0.622,-1
NOP,8556,9374.789,0.579,0.415,IND,8618,8707.464,0.415,0.512,1
PHI,8400,9261.556999999999,0.579,0.341,MEM,8239,8101.665,0.415,0.524,1
SAS,8637,8867.79,0.579,0.7440000000000001,WAS,8953,9530.891,0.415,0.573,1
CHO,8601,9854.734,0.579,0.439,MEM,8239,8101.665,0.415,0.524,1
DAL,8029,8965.266,0.579,0.402,UTA,8258,9237.843,0.415,0.622,-1
HOU,9458,11505.219,0.579,0.6709999999999999,DET,8309,9665.3,0.415,0.451,1
NOP,8556,9374.789,0.579,0.415,LAL,8575,9934.864,0.415,0.317,1
ORL,8288,8610.673,0.579,0.354,PHI,8400,9261.556999999999,0.415,0.341,-1
SAC,8430,7683.94,0.579,0.39,ATL,8459,7819.476,0.415,0.524,1
CHI,8435,7633.666,0.579,0.5,MIL,8497,9548.466999999999,0.415,0.512,-1
CLE,9048,11818.941,0.579,0.622,PHO,8831,8519.06,0.415,0.293,1
GSW,9503,10985.374,0.579,0.8170000000000001,ATL,8459,7819.476,0.415,0.524,1
IND,8618,8707.464,0.579,0.512,LAC,8911,10960.425,0.415,0.622,1
NYK,8556,8760.896999999999,0.579,0.37799999999999995,MIN,8657,10216.868,0.415,0.37799999999999995,-1
OKC,8741,9474.283000000001,0.579,0.573,MIA,8460,9959.973,0.415,0.5,1
POR,8851,9242.277,0.579,0.518,BOS,8857,10118.253,0.415,0.6459999999999999,-1
SAS,8637,8867.79,0.579,0.7440000000000001,UTA,8258,9237.843,0.415,0.622,1
TOR,8762,8777.806,0.579,0.652,BRK,8673,8642.961,0.415,0.244,1
WAS,8953,9530.891,0.579,0.573,DEN,9161,9846.373,0.415,0.488,-1
DAL,8029,8965.266,0.579,0.402,CHO,8601,9854.734,0.415,0.439,-1
DET,8309,9665.3,0.579,0.451,CHI,8435,7633.666,0.415,0.5,1
HOU,9458,11505.219,0.579,0.6709999999999999,NOP,8556,9374.789,0.415,0.415,1
MEM,8239,8101.665,0.579,0.524,LAL,8575,9934.864,0.415,0.317,-1
ORL,8288,8610.673,0.579,0.354,PHO,8831,8519.06,0.415,0.293,1
PHI,8400,9261.556999999999,0.579,0.341,MIN,8657,10216.868,0.415,0.37799999999999995,1
BRK,8673,8642.961,0.579,0.244,CLE,9048,11818.941,0.415,0.622,-1
GSW,9503,10985.374,0.579,0.8170000000000001,UTA,8258,9237.843,0.415,0.622,-1
HOU,9458,11505.219,0.579,0.6709999999999999,ATL,8459,7819.476,0.415,0.524,1
IND,8618,8707.464,0.579,0.512,MIA,8460,9959.973,0.415,0.5,1
MIL,8497,9548.466999999999,0.579,0.512,SAS,8637,8867.79,0.415,0.7440000000000001,1
OKC,8741,9474.283000000001,0.579,0.573,POR,8851,9242.277,0.415,0.518,-1
SAC,8430,7683.94,0.579,0.39,BOS,8857,10118.253,0.415,0.6459999999999999,-1
TOR,8762,8777.806,0.579,0.652,LAC,8911,10960.425,0.415,0.622,-1
WAS,8953,9530.891,0.579,0.573,NYK,8556,8760.896999999999,0.415,0.37799999999999995,-1
CHO,8601,9854.734,0.579,0.439,NYK,8556,8760.896999999999,0.415,0.37799999999999995,1
DET,8309,9665.3,0.579,0.451,LAL,8575,9934.864,0.415,0.317,1
MIN,8657,10216.868,0.579,0.37799999999999995,MEM,8239,8101.665,0.415,0.524,-1
PHI,8400,9261.556999999999,0.579,0.341,DEN,9161,9846.373,0.415,0.488,1
PHO,8831,8519.06,0.579,0.293,BOS,8857,10118.253,0.415,0.6459999999999999,-1
GSW,9503,10985.374,0.579,0.8170000000000001,IND,8618,8707.464,0.415,0.512,-1
HOU,9458,11505.219,0.579,0.6709999999999999,CHI,8435,7633.666,0.415,0.5,1
LAC,8911,10960.425,0.579,0.622,MIL,8497,9548.466999999999,0.415,0.512,1
MIA,8460,9959.973,0.579,0.5,CLE,9048,11818.941,0.415,0.622,1
NOP,8556,9374.789,0.579,0.415,POR,8851,9242.277,0.415,0.518,-1
SAC,8430,7683.94,0.579,0.39,DAL,8029,8965.266,0.415,0.402,-1
TOR,8762,8777.806,0.579,0.652,DEN,9161,9846.373,0.415,0.488,1
WAS,8953,9530.891,0.579,0.573,SAS,8637,8867.79,0.415,0.7440000000000001,1
CHO,8601,9854.734,0.579,0.439,CLE,9048,11818.941,0.415,0.622,-1
LAL,8575,9934.864,0.579,0.317,DAL,8029,8965.266,0.415,0.402,1
MEM,8239,8101.665,0.579,0.524,POR,8851,9242.277,0.415,0.518,1
MIN,8657,10216.868,0.579,0.37799999999999995,ATL,8459,7819.476,0.415,0.524,1
ORL,8288,8610.673,0.579,0.354,BRK,8673,8642.961,0.415,0.244,-1
PHI,8400,9261.556999999999,0.579,0.341,NYK,8556,8760.896999999999,0.415,0.37799999999999995,1
PHO,8831,8519.06,0.579,0.293,LAC,8911,10960.425,0.415,0.622,-1
UTA,8258,9237.843,0.579,0.622,BOS,8857,10118.253,0.415,0.6459999999999999,-1
DET,8309,9665.3,0.579,0.451,WAS,8953,9530.891,0.415,0.573,1
GSW,9503,10985.374,0.579,0.8170000000000001,MIL,8497,9548.466999999999,0.415,0.512,-1
MIA,8460,9959.973,0.579,0.5,CHI,8435,7633.666,0.415,0.5,1
SAC,8430,7683.94,0.579,0.39,IND,8618,8707.464,0.415,0.512,-1
SAS,8637,8867.79,0.579,0.7440000000000001,OKC,8741,9474.283000000001,0.415,0.573,1
ATL,8459,7819.476,0.579,0.524,PHI,8400,9261.556999999999,0.415,0.341,-1
CLE,9048,11818.941,0.579,0.622,NOP,8556,9374.789,0.415,0.415,1
DAL,8029,8965.266,0.579,0.402,MIN,8657,10216.868,0.415,0.37799999999999995,-1
HOU,9458,11505.219,0.579,0.6709999999999999,PHO,8831,8519.06,0.415,0.293,1
LAL,8575,9934.864,0.579,0.317,MIL,8497,9548.466999999999,0.415,0.512,-1
OKC,8741,9474.283000000001,0.579,0.573,DEN,9161,9846.373,0.415,0.488,-1
ORL,8288,8610.673,0.579,0.354,CHI,8435,7633.666,0.415,0.5,-1
POR,8851,9242.277,0.579,0.518,LAC,8911,10960.425,0.415,0.622,1
UTA,8258,9237.843,0.579,0.622,MEM,8239,8101.665,0.415,0.524,1
BOS,8857,10118.253,0.579,0.6459999999999999,TOR,8762,8777.806,0.415,0.652,1
MIA,8460,9959.973,0.579,0.5,BRK,8673,8642.961,0.415,0.244,-1
NYK,8556,8760.896999999999,0.579,0.37799999999999995,DET,8309,9665.3,0.415,0.451,-1
SAC,8430,7683.94,0.579,0.39,GSW,9503,10985.374,0.415,0.8170000000000001,-1
WAS,8953,9530.891,0.579,0.573,CHO,8601,9854.734,0.415,0.439,1
ATL,8459,7819.476,0.579,0.524,ORL,8288,8610.673,0.415,0.354,1
BRK,8673,8642.961,0.579,0.244,DET,8309,9665.3,0.415,0.451,-1
CHI,8435,7633.666,0.579,0.5,WAS,8953,9530.891,0.415,0.573,1
CHO,8601,9854.734,0.579,0.439,PHI,8400,9261.556999999999,0.415,0.341,-1
CLE,9048,11818.941,0.579,0.622,DAL,8029,8965.266,0.415,0.402,1
DEN,9161,9846.373,0.579,0.488,MIL,8497,9548.466999999999,0.415,0.512,1
GSW,9503,10985.374,0.579,0.8170000000000001,PHO,8831,8519.06,0.415,0.293,1
LAC,8911,10960.425,0.579,0.622,IND,8618,8707.464,0.415,0.512,-1
LAL,8575,9934.864,0.579,0.317,SAC,8430,7683.94,0.415,0.39,-1
MIN,8657,10216.868,0.579,0.37799999999999995,UTA,8258,9237.843,0.415,0.622,-1
NOP,8556,9374.789,0.579,0.415,OKC,8741,9474.283000000001,0.415,0.573,-1
POR,8851,9242.277,0.579,0.518,MEM,8239,8101.665,0.415,0.524,1
SAS,8637,8867.79,0.579,0.7440000000000001,HOU,9458,11505.219,0.415,0.6709999999999999,1
CHI,8435,7633.666,0.579,0.5,CHO,8601,9854.734,0.415,0.439,1
CLE,9048,11818.941,0.579,0.622,TOR,8762,8777.806,0.415,0.652,1
DAL,8029,8965.266,0.579,0.402,POR,8851,9242.277,0.415,0.518,1
DEN,9161,9846.373,0.579,0.488,IND,8618,8707.464,0.415,0.512,1
HOU,9458,11505.219,0.579,0.6709999999999999,WAS,8953,9530.891,0.415,0.573,1
LAC,8911,10960.425,0.579,0.622,SAS,8637,8867.79,0.415,0.7440000000000001,1
MIA,8460,9959.973,0.579,0.5,ATL,8459,7819.476,0.415,0.524,1
MIL,8497,9548.466999999999,0.579,0.512,BOS,8857,10118.253,0.415,0.6459999999999999,1
NYK,8556,8760.896999999999,0.579,0.37799999999999995,ORL,8288,8610.673,0.415,0.354,-1
OKC,8741,9474.283000000001,0.579,0.573,GSW,9503,10985.374,0.415,0.8170000000000001,-1
PHI,8400,9261.556999999999,0.579,0.341,BRK,8673,8642.961,0.415,0.244,1
PHO,8831,8519.06,0.579,0.293,SAC,8430,7683.94,0.415,0.39,1
UTA,8258,9237.843,0.579,0.622,LAL,8575,9934.864,0.415,0.317,1
ATL,8459,7819.476,0.579,0.524,MIA,8460,9959.973,0.415,0.5,-1
DET,8309,9665.3,0.579,0.451,PHI,8400,9261.556999999999,0.415,0.341,-1
LAL,8575,9934.864,0.579,0.317,SAS,8637,8867.79,0.415,0.7440000000000001,1
NOP,8556,9374.789,0.579,0.415,MEM,8239,8101.665,0.415,0.524,1
ORL,8288,8610.673,0.579,0.354,DAL,8029,8965.266,0.415,0.402,1
TOR,8762,8777.806,0.579,0.652,BOS,8857,10118.253,0.415,0.6459999999999999,1
CLE,9048,11818.941,0.579,0.622,WAS,8953,9530.891,0.415,0.573,1
DEN,9161,9846.373,0.579,0.488,MIN,8657,10216.868,0.415,0.37799999999999995,1
HOU,9458,11505.219,0.579,0.6709999999999999,POR,8851,9242.277,0.415,0.518,1
IND,8618,8707.464,0.579,0.512,GSW,9503,10985.374,0.415,0.8170000000000001,1
MIL,8497,9548.466999999999,0.579,0.512,BRK,8673,8642.961,0.415,0.244,-1
UTA,8258,9237.843,0.579,0.622,LAC,8911,10960.425,0.415,0.622,1
BOS,8857,10118.253,0.579,0.6459999999999999,CHI,8435,7633.666,0.415,0.5,1
DET,8309,9665.3,0.579,0.451,DAL,8029,8965.266,0.415,0.402,1
LAL,8575,9934.864,0.579,0.317,MIN,8657,10216.868,0.415,0.37799999999999995,-1
MEM,8239,8101.665,0.579,0.524,SAC,8430,7683.94,0.415,0.39,-1
NYK,8556,8760.896999999999,0.579,0.37799999999999995,MIA,8460,9959.973,0.415,0.5,1
ORL,8288,8610.673,0.579,0.354,CHO,8601,9854.734,0.415,0.439,-1
PHI,8400,9261.556999999999,0.579,0.341,CLE,9048,11818.941,0.415,0.622,1
PHO,8831,8519.06,0.579,0.293,NOP,8556,9374.789,0.415,0.415,-1
TOR,8762,8777.806,0.579,0.652,IND,8618,8707.464,0.415,0.512,1
WAS,8953,9530.891,0.579,0.573,ATL,8459,7819.476,0.415,0.524,-1
CHI,8435,7633.666,0.579,0.5,BRK,8673,8642.961,0.415,0.244,-1
GSW,9503,10985.374,0.579,0.8170000000000001,NOP,8556,9374.789,0.415,0.415,-1
HOU,9458,11505.219,0.579,0.6709999999999999,OKC,8741,9474.283000000001,0.415,0.573,-1
LAC,8911,10960.425,0.579,0.622,DEN,9161,9846.373,0.415,0.488,-1
NYK,8556,8760.896999999999,0.579,0.37799999999999995,MIL,8497,9548.466999999999,0.415,0.512,-1
SAS,8637,8867.79,0.579,0.7440000000000001,POR,8851,9242.277,0.415,0.518,1
BOS,8857,10118.253,0.579,0.6459999999999999,ATL,8459,7819.476,0.415,0.524,-1
CHO,8601,9854.734,0.579,0.439,IND,8618,8707.464,0.415,0.512,-1
LAL,8575,9934.864,0.579,0.317,UTA,8258,9237.843,0.415,0.622,-1
MEM,8239,8101.665,0.579,0.524,DET,8309,9665.3,0.415,0.451,1
PHI,8400,9261.556999999999,0.579,0.341,DAL,8029,8965.266,0.415,0.402,1
PHO,8831,8519.06,0.579,0.293,GSW,9503,10985.374,0.415,0.8170000000000001,-1
TOR,8762,8777.806,0.579,0.652,ORL,8288,8610.673,0.415,0.354,1
BRK,8673,8642.961,0.579,0.244,CHI,8435,7633.666,0.415,0.5,1
DEN,9161,9846.373,0.579,0.488,POR,8851,9242.277,0.415,0.518,1
DET,8309,9665.3,0.579,0.451,TOR,8762,8777.806,0.415,0.652,-1
LAC,8911,10960.425,0.579,0.622,NOP,8556,9374.789,0.415,0.415,-1
MIA,8460,9959.973,0.579,0.5,OKC,8741,9474.283000000001,0.415,0.573,-1
MIL,8497,9548.466999999999,0.579,0.512,ORL,8288,8610.673,0.415,0.354,1
MIN,8657,10216.868,0.579,0.37799999999999995,MEM,8239,8101.665,0.415,0.524,1
NYK,8556,8760.896999999999,0.579,0.37799999999999995,CLE,9048,11818.941,0.415,0.622,-1
SAS,8637,8867.79,0.579,0.7440000000000001,SAC,8430,7683.94,0.415,0.39,1
ATL,8459,7819.476,0.579,0.524,PHI,8400,9261.556999999999,0.415,0.341,-1
DAL,8029,8965.266,0.579,0.402,PHO,8831,8519.06,0.415,0.293,-1
IND,8618,8707.464,0.579,0.512,CHO,8601,9854.734,0.415,0.439,-1
LAL,8575,9934.864,0.579,0.317,HOU,9458,11505.219,0.415,0.6709999999999999,-1
UTA,8258,9237.843,0.579,0.622,GSW,9503,10985.374,0.415,0.8170000000000001,1
WAS,8953,9530.891,0.579,0.573,BOS,8857,10118.253,0.415,0.6459999999999999,1
BOS,8857,10118.253,0.579,0.6459999999999999,BRK,8673,8642.961,0.415,0.244,1
CHI,8435,7633.666,0.579,0.5,DET,8309,9665.3,0.415,0.451,-1
CLE,9048,11818.941,0.579,0.622,NYK,8556,8760.896999999999,0.415,0.37799999999999995,-1
LAC,8911,10960.425,0.579,0.622,LAL,8575,9934.864,0.415,0.317,-1
MIA,8460,9959.973,0.579,0.5,TOR,8762,8777.806,0.415,0.652,1
MIN,8657,10216.868,0.579,0.37799999999999995,DEN,9161,9846.373,0.415,0.488,1
NOP,8556,9374.789,0.579,0.415,SAS,8637,8867.79,0.415,0.7440000000000001,1
OKC,8741,9474.283000000001,0.579,0.573,MEM,8239,8101.665,0.415,0.524,1
ORL,8288,8610.673,0.579,0.354,WAS,8953,9530.891,0.415,0.573,1
PHI,8400,9261.556999999999,0.579,0.341,MIL,8497,9548.466999999999,0.415,0.512,1
POR,8851,9242.277,0.579,0.518,UTA,8258,9237.843,0.415,0.622,1
SAC,8430,7683.94,0.579,0.39,HOU,9458,11505.219,0.415,0.6709999999999999,1
