Players,Team,MP,FG,FGA,FGp,3P,3PA,3Pp,FT,FTA,FTp,ORB,DRB,TRB,AST,STL,BLK,TOV,PF,PTS
DeAndre' Bembry,ATL,354,47,98,0.4796,1,18,0.0556,6,16,0.3750,14,45,59,28,8,5,16,21,101
Dennis Schroder,ATL,2444,548,1214,0.4514,100,294,0.3401,218,255,0.8549,42,206,248,499,74,16,258,149,1414
Dwight Howard,ATL,2167,388,613,0.6330,0,2,0.0000,226,424,0.5330,296,644,940,104,64,92,170,203,1002
Edy Tavares,ATL,3,1,1,1.0000,0,0,,0,2,0.0000,0,1,1,0,0,0,0,0,2
Ersan Ilyasova,ATL,621,93,226,0.4115,32,92,0.3478,52,65,0.8000,42,109,151,43,22,8,34,73,270
Gary Neal,ATL,17,0,7,0.0000,0,2,0.0000,4,4,1.0000,0,1,1,1,0,0,0,1,4
Jose Calderon,ATL,238,23,57,0.4035,8,30,0.2667,7,8,0.8750,7,25,32,37,4,0,15,14,61
Kent Bazemore,ATL,1929,295,721,0.4092,92,266,0.3459,119,168,0.7083,45,186,231,177,91,52,125,165,801
Kris Humphries,ATL,658,87,214,0.4065,19,54,0.3519,64,82,0.7805,60,146,206,29,15,21,28,69,257
Kyle Korver,ATL,877,108,246,0.4390,65,159,0.4088,24,27,0.8889,0,89,89,75,23,13,40,47,305
Lamar Patterson,ATL,38,3,15,0.2000,1,6,0.1667,2,3,0.6667,1,6,7,6,1,0,4,6,9
Malcolm Delaney,ATL,1215,145,388,0.3737,26,110,0.2364,75,93,0.8065,10,113,123,193,39,1,95,112,391
Mike Dunleavy,ATL,457,57,130,0.4385,33,77,0.4286,22,26,0.8462,13,55,68,30,9,5,14,35,169
Mike Muscala,ATL,1205,170,337,0.5045,46,110,0.4182,49,64,0.7656,76,164,240,95,30,41,55,97,435
Mike Scott,ATL,186,17,59,0.2881,4,27,0.1481,7,8,0.8750,10,27,37,17,4,3,8,12,45
Paul Millsap,ATL,2308,430,972,0.4424,75,241,0.3112,311,405,0.7679,111,422,533,252,90,62,158,186,1246
Ryan Kelly,ATL,103,8,28,0.2857,4,10,0.4000,5,6,0.8333,1,17,18,8,4,5,4,5,25
Taurean Waller-Prince,ATL,953,114,285,0.4000,33,102,0.3235,74,94,0.7872,25,132,157,55,43,27,61,96,335
Thabo Sefolosha,ATL,1563,174,395,0.4405,41,120,0.3417,55,75,0.7333,54,216,270,107,96,31,58,97,444
Tim Hardaway,ATL,2116,415,912,0.4550,149,417,0.3573,164,214,0.7664,35,189,224,182,55,15,106,103,1143
Al Horford,BOS,2158,379,801,0.4732,86,242,0.3554,108,135,0.8000,95,370,465,337,52,86,115,138,952
Amir Johnson,BOS,1566,213,370,0.5757,27,66,0.4091,67,100,0.6700,118,248,366,140,51,62,77,211,520
Avery Bradley,BOS,1807,359,775,0.4632,108,277,0.3899,68,93,0.7312,65,269,334,122,68,11,88,141,894
Demetrius Jackson,BOS,15,3,4,0.7500,1,1,1.0000,3,6,0.5000,2,2,4,3,0,0,0,0,10
Gerald Green,BOS,514,95,232,0.4095,39,111,0.3514,33,41,0.8049,16,68,84,33,9,7,25,48,262
Isaiah Thomas,BOS,2529,682,1473,0.4630,245,646,0.3793,590,649,0.9091,43,162,205,448,70,13,210,167,2199
Jae Crowder,BOS,2297,333,720,0.4625,157,394,0.3985,176,217,0.8111,48,367,415,155,73,23,80,161,999
James Young,BOS,206,25,58,0.4310,12,35,0.3429,6,9,0.6667,6,20,26,4,10,2,4,15,68
Jaylen Brown,BOS,1297,192,423,0.4539,46,135,0.3407,85,124,0.6855,45,175,220,64,35,18,68,142,515
Jonas Jerebko,BOS,1197,114,262,0.4351,45,130,0.3462,26,37,0.7027,59,213,272,71,25,17,39,122,299
Jordan Mickey,BOS,128,15,34,0.4412,0,1,0.0000,8,14,0.5714,13,21,34,7,3,6,9,12,38
Kelly Olynyk,BOS,1502,260,508,0.5118,68,192,0.3542,90,123,0.7317,73,288,361,148,43,29,96,207,678
Marcus Smart,BOS,2360,269,749,0.3591,94,332,0.2831,203,250,0.8120,78,227,305,364,125,34,159,192,835
Terry Rozier,BOS,1227,151,411,0.3674,57,179,0.3184,51,66,0.7727,40,187,227,131,46,11,47,69,410
Tyler Zeller,BOS,496,78,158,0.4937,0,1,0.0000,22,39,0.5641,43,81,124,42,7,21,20,61,178
Andrew Nicholson,BRK,105,13,34,0.3824,2,11,0.1818,2,2,1.0000,4,23,27,3,5,0,6,18,30
Anthony Bennett,BRK,252,38,92,0.4130,13,48,0.2708,26,36,0.7222,25,53,78,12,5,3,12,18,115
Archie Goodwin,BRK,178,34,61,0.5574,4,13,0.3077,23,32,0.7188,7,21,28,23,4,4,14,7,95
Bojan Bogdanovic,BRK,1456,269,611,0.4403,99,277,0.3574,146,167,0.8743,23,174,197,90,24,3,93,99,783
Brook Lopez,BRK,2186,555,1172,0.4735,134,387,0.3463,295,364,0.8104,121,282,403,176,38,124,184,192,1539
Caris LeVert,BRK,1211,171,380,0.4500,59,184,0.3207,67,93,0.7204,23,165,188,110,49,8,59,91,468
Chris McCullough,BRK,65,16,31,0.5161,1,6,0.1667,2,3,0.6667,9,8,17,2,1,2,2,7,35
Greivis Vasquez,BRK,37,2,8,0.2500,1,3,0.3333,2,3,0.6667,0,2,2,5,1,1,1,6,7
Isaiah Whitehead,BRK,1609,204,508,0.4016,44,149,0.2953,91,113,0.8053,32,152,184,192,42,36,142,175,543
Jeremy Lin,BRK,864,175,400,0.4375,58,156,0.3718,115,141,0.8156,11,124,135,184,42,14,86,79,523
Joe Harris,BRK,1112,154,362,0.4254,85,221,0.3846,35,49,0.7143,16,131,147,54,30,8,55,121,428
Justin Hamilton,BRK,1145,174,379,0.4591,55,180,0.3056,39,52,0.7500,71,191,262,55,29,43,43,91,442
K.J. McDaniels,BRK,283,46,101,0.4554,11,39,0.2821,23,28,0.8214,9,43,52,9,12,10,19,25,126
Luis Scola,BRK,441,71,151,0.4702,17,50,0.3400,25,37,0.6757,51,88,139,37,14,4,34,63,184
Quincy Acy,BRK,497,65,153,0.4248,36,83,0.4337,43,57,0.7544,18,89,107,18,14,15,19,58,209
Randy Foye,BRK,1252,118,325,0.3631,67,203,0.3300,54,63,0.8571,9,146,155,135,35,9,80,99,357
Rondae Hollis-Jefferson,BRK,1721,235,542,0.4336,15,67,0.2239,190,253,0.7510,96,356,452,154,82,44,116,177,675
Sean Kilpatrick,BRK,1720,305,735,0.4150,105,308,0.3409,204,242,0.8430,22,258,280,157,45,6,135,118,919
Spencer Dinwiddie,BRK,1304,134,302,0.4437,38,101,0.3762,126,159,0.7925,27,137,164,185,44,23,66,119,432
Trevor Booker,BRK,1717,305,591,0.5161,25,78,0.3205,74,110,0.6727,143,428,571,138,75,28,127,152,709
Yogi Ferrell,BRK,146,18,49,0.3673,8,27,0.2963,10,16,0.6250,4,8,12,17,2,2,14,11,54
Anthony Morrow,CHI,84,12,29,0.4138,6,14,0.4286,11,11,1.0000,1,1,2,6,2,0,0,4,41
Bobby Portis,CHI,971,183,375,0.4880,32,96,0.3333,39,59,0.6610,75,221,296,35,16,11,37,94,437
Cameron Payne,CHI,135,21,63,0.3333,11,34,0.3235,1,4,0.2500,1,16,17,15,4,0,13,14,54
Cristiano Felicio,CHI,1013,128,221,0.5792,0,0,,60,93,0.6452,124,187,311,40,25,17,33,110,316
Denzel Valentine,CHI,949,102,288,0.3542,73,208,0.3510,14,18,0.7778,11,140,151,63,30,7,49,86,291
Doug McDermott,CHI,1054,166,373,0.4450,56,150,0.3733,59,67,0.8806,14,116,130,45,11,4,32,57,447
Dwyane Wade,CHI,1765,414,955,0.4335,45,145,0.3103,223,281,0.7936,63,207,270,228,86,41,138,112,1096
Isaiah Canaan,CHI,573,63,173,0.3642,25,94,0.2660,30,33,0.9091,6,44,50,37,22,1,21,35,181
Jerian Grant,CHI,1000,128,301,0.4252,49,134,0.3657,65,73,0.8904,17,94,111,121,47,8,44,93,370
Jimmy Butler,CHI,2774,570,1252,0.4553,91,248,0.3669,585,676,0.8654,129,341,470,417,143,32,159,112,1816
Joffrey Lauvergne,CHI,231,37,92,0.4022,6,20,0.3000,9,15,0.6000,21,47,68,19,7,0,16,12,89
Michael Carter-Williams,CHI,825,112,306,0.3660,15,64,0.2344,58,77,0.7532,24,129,153,113,38,23,66,102,297
Nikola Mirotic,CHI,1646,258,625,0.4128,129,377,0.3422,99,128,0.7734,61,323,384,75,53,55,80,128,744
Paul Zipser,CHI,823,88,221,0.3982,33,99,0.3333,31,40,0.7750,15,110,125,36,15,16,40,78,240
R.J. Hunter,CHI,7,0,1,0.0000,0,1,0.0000,0,0,,0,1,1,0,0,0,0,0,0
Rajon Rondo,CHI,1807,229,561,0.4082,50,133,0.3759,30,50,0.6000,73,282,355,461,99,11,169,144,538
Robin Lopez,CHI,2232,382,775,0.4929,0,2,0.0000,75,104,0.7212,244,276,520,80,18,117,91,151,839
Taj Gibson,CHI,1475,276,530,0.5208,2,12,0.1667,85,119,0.7143,120,262,382,60,27,50,77,123,639
Aaron Harrison,CHO,14,0,4,0.0000,0,2,0.0000,1,2,0.5000,0,3,3,3,0,0,0,2,1
Brian Roberts,CHO,401,46,122,0.3770,17,44,0.3864,33,39,0.8462,5,34,39,52,9,1,26,18,142
Briante Weber,CHO,152,20,46,0.4348,1,7,0.1429,9,13,0.6923,8,14,22,16,9,0,5,12,50
Christian Wood,CHO,101,12,23,0.5217,0,5,0.0000,11,15,0.7333,14,15,29,2,3,6,7,11,35
Cody Zeller,CHO,1695,253,443,0.5711,0,1,0.0000,133,196,0.6786,135,270,405,99,62,58,65,189,639
Frank Kaminsky,CHO,1919,320,802,0.3990,116,354,0.3277,118,156,0.7564,57,279,336,162,46,34,76,139,874
Jeremy Lamb,CHO,1110,226,491,0.4603,41,146,0.2808,110,129,0.8527,30,234,264,75,27,23,40,98,603
Johnny O'Bryant,CHO,32,8,15,0.5333,1,3,0.3333,1,2,0.5000,4,4,8,4,0,0,3,6,18
Kemba Walker,CHO,2695,643,1449,0.4438,240,602,0.3987,304,359,0.8468,45,263,308,434,85,22,168,119,1830
Marco Belinelli,CHO,1741,264,615,0.4293,102,283,0.3604,150,168,0.8929,14,164,178,147,44,9,70,90,780
Marvin Williams,CHO,2256,297,704,0.4219,124,354,0.3503,131,150,0.8733,89,411,500,106,58,53,60,134,849
Michael Kidd-Gilchrist,CHO,2308,295,618,0.4773,1,9,0.1111,152,194,0.7835,156,409,565,114,81,77,56,187,743
Mike Tobey,CHO,24,1,4,0.2500,0,0,,0,0,,2,1,3,1,0,0,1,2,2
Miles Plumlee,CHO,166,14,24,0.5833,0,0,,3,4,0.7500,15,27,42,3,7,4,8,25,31
Nicolas Batum,CHO,2583,393,975,0.4031,135,405,0.3333,243,284,0.8556,46,435,481,456,86,29,194,109,1164
Ramon Sessions,CHO,786,100,263,0.3802,21,62,0.3387,91,118,0.7712,11,62,73,129,27,3,46,43,312
Ray McCallum,CHO,0,0,0,,0,0,,0,0,,0,0,0,0,0,0,0,0,0
Roy Hibbert,CHO,649,78,144,0.5417,0,0,,61,75,0.8133,53,97,150,20,8,44,31,97,217
Spencer Hawes,CHO,612,104,218,0.4771,16,55,0.2909,30,34,0.8824,32,114,146,62,13,26,40,61,254
Treveon Graham,CHO,175,19,40,0.4750,9,15,0.6000,10,15,0.6667,5,17,22,6,6,1,3,18,57
Andrew Bogut,CLE,0,0,0,,0,0,,0,0,,0,0,0,0,0,0,0,2,0
Channing Frye,CLE,1361,238,520,0.4577,137,335,0.4090,63,74,0.8514,37,253,290,45,33,37,53,138,676
Chris Andersen,CLE,107,9,22,0.4091,0,3,0.0000,10,14,0.7143,9,22,31,5,5,7,5,20,28
Dahntay Jones,CLE,12,3,8,0.3750,0,2,0.0000,3,4,0.7500,1,1,2,1,0,0,1,1,9
DeAndre Liggins,CLE,726,52,136,0.3824,17,45,0.3778,23,37,0.6216,17,84,101,54,45,14,42,78,144
Deron Williams,CLE,476,68,147,0.4626,22,53,0.4151,21,25,0.8400,1,44,45,86,6,6,40,42,179
Derrick Williams,CLE,415,54,107,0.5047,21,52,0.4038,27,39,0.6923,3,54,57,14,5,2,14,27,156
Edy Tavares,CLE,24,3,4,0.7500,0,0,,0,1,0.0000,4,6,10,1,0,6,2,3,6
Iman Shumpert,CLE,1900,201,489,0.4110,94,261,0.3602,71,90,0.7889,39,179,218,109,62,27,78,150,567
J.R. Smith,CLE,1167,123,356,0.3455,95,271,0.3506,10,15,0.6667,17,96,113,62,40,11,26,77,351
James Jones,CLE,355,44,92,0.4783,31,66,0.4697,13,20,0.6500,3,34,37,14,6,10,10,37,132
Jordan McRae,CLE,364,58,150,0.3867,18,51,0.3529,27,34,0.7941,6,35,41,19,8,6,14,31,161
Kay Felder,CLE,363,62,158,0.3924,7,22,0.3182,35,49,0.7143,3,38,41,58,18,7,30,38,166
Kevin Love,CLE,1854,370,867,0.4268,145,389,0.3728,257,295,0.8712,148,518,666,116,53,21,122,125,1142
Kyle Korver,CLE,842,131,269,0.4870,97,200,0.4850,14,15,0.9333,7,90,97,35,11,8,29,60,373
Kyrie Irving,CLE,2489,671,1420,0.4725,177,441,0.4014,297,328,0.9055,52,178,230,418,83,24,180,157,1816
Larry Sanders,CLE,10,1,4,0.2500,0,0,,2,2,1.0000,3,1,4,0,1,1,2,5,4
LeBron James,CLE,2760,736,1344,0.5476,124,342,0.3626,358,531,0.6742,97,542,639,646,92,44,303,134,1954
Mike Dunleavy,CLE,354,36,90,0.4000,20,57,0.3509,14,19,0.7368,5,42,47,20,6,2,14,32,106
Richard Jefferson,CLE,1576,153,343,0.4461,62,186,0.3333,80,108,0.7407,28,175,203,78,26,10,52,153,448
Tristan Thompson,CLE,2296,262,437,0.5995,0,3,0.0000,106,213,0.4977,286,429,715,77,39,84,64,176,630
A.J. Hammons,DAL,154,17,42,0.4048,5,10,0.5000,9,20,0.4500,8,28,36,4,1,13,10,21,48
Andrew Bogut,DAL,566,38,81,0.4691,0,1,0.0000,3,11,0.2727,56,162,218,49,13,25,43,84,79
Ben Bentil,DAL,8,0,3,0.0000,0,1,0.0000,0,0,,0,2,2,0,0,0,1,1,0
DeAndre Liggins,DAL,24,3,6,0.5000,0,1,0.0000,2,3,0.6667,3,4,7,0,2,0,0,3,8
Deron Williams,DAL,1150,195,453,0.4305,63,181,0.3481,69,84,0.8214,13,89,102,274,25,2,98,96,522
Devin Harris,DAL,1055,136,341,0.3988,58,177,0.3277,107,129,0.8295,11,116,127,136,43,7,57,101,437
Dirk Nowitzki,DAL,1404,296,678,0.4366,79,209,0.3780,98,112,0.8750,23,330,353,82,30,38,51,113,769
Dorian Finney-Smith,DAL,1603,124,333,0.3724,56,191,0.2932,46,61,0.7541,55,167,222,67,52,25,45,125,350
Dwight Powell,DAL,1298,194,377,0.5146,21,74,0.2838,107,141,0.7589,93,213,306,49,61,39,34,135,516
Harrison Barnes,DAL,2765,599,1280,0.4680,78,222,0.3514,242,281,0.8612,93,301,394,116,65,15,102,128,1518
J.J. Barea,DAL,755,142,343,0.4140,53,148,0.3581,44,51,0.8627,9,75,84,193,14,1,63,30,381
Jarrod Uthoff,DAL,110,16,38,0.4211,3,9,0.3333,5,7,0.7143,8,14,22,9,2,4,3,8,40
Jonathan Gibson,DAL,223,35,95,0.3684,15,45,0.3333,21,29,0.7241,1,21,22,26,8,0,21,21,106
Justin Anderson,DAL,683,111,277,0.4007,37,122,0.3033,70,88,0.7955,39,110,149,32,28,16,40,64,329
Manny Harris,DAL,23,3,15,0.2000,0,2,0.0000,2,4,0.5000,3,6,9,2,0,0,2,1,8
Nerlens Noel,DAL,471,77,134,0.5746,0,0,,34,48,0.7083,47,103,150,20,22,24,22,55,188
Nicolas Brussino,DAL,497,52,141,0.3688,29,95,0.3053,17,22,0.7727,26,69,95,47,17,8,26,43,150
Pierre Jackson,DAL,82,13,39,0.3333,3,11,0.2727,6,7,0.8571,1,8,9,19,2,0,3,5,35
Quincy Acy,DAL,44,5,17,0.2941,1,7,0.1429,2,3,0.6667,2,6,8,0,0,0,2,9,13
Quinn Cook,DAL,74,11,25,0.4400,5,14,0.3571,0,2,0.0000,0,3,3,12,1,0,8,6,27
Salah Mejri,DAL,869,88,137,0.6423,1,3,0.3333,36,61,0.5902,97,211,308,14,32,61,40,152,213
Seth Curry,DAL,1996,338,703,0.4808,137,322,0.4255,85,100,0.8500,25,154,179,189,79,7,92,126,898
Wesley Matthews,DAL,2457,333,847,0.3932,174,479,0.3633,146,179,0.8156,18,241,259,210,77,15,102,161,986
Yogi Ferrell,DAL,1025,142,345,0.4116,60,149,0.4027,64,73,0.8767,16,83,99,155,40,7,56,79,408
Alonzo Gee,DEN,83,3,14,0.2143,0,3,0.0000,5,9,0.5556,4,11,15,6,5,1,4,14,11
Danilo Gallinari,DEN,2103,335,750,0.4467,126,324,0.3889,349,387,0.9018,39,286,325,135,40,15,82,93,1145
Darrell Arthur,DEN,617,95,215,0.4419,53,117,0.4530,19,22,0.8636,25,87,112,42,19,21,36,76,262
Emmanuel Mudiay,DEN,1377,208,551,0.3775,56,178,0.3146,131,167,0.7844,29,149,178,217,41,13,123,95,603
Gary Harris,DEN,1756,320,637,0.5024,107,255,0.4196,104,134,0.7761,48,130,178,164,71,8,76,92,851
Jamal Murray,DEN,1722,295,730,0.4041,115,344,0.3343,106,120,0.8833,41,173,214,170,51,24,113,124,811
Jameer Nelson,DEN,2005,268,604,0.4437,106,273,0.3883,45,63,0.7143,28,164,192,385,54,8,128,197,687
Jarnell Stokes,DEN,5,1,1,1.0000,0,0,,1,2,0.5000,1,1,2,2,1,0,0,3,3
Johnny O'Bryant,DEN,44,7,15,0.4667,2,3,0.6667,4,4,1.0000,5,6,11,2,0,1,3,4,20
Juan Hernangomez,DEN,812,101,224,0.4509,46,113,0.4071,57,76,0.7500,43,144,187,29,30,12,31,62,305
Jusuf Nurkic,DEN,784,151,298,0.5067,0,0,,56,113,0.4956,89,171,260,60,25,36,81,88,358
Kenneth Faried,DEN,1261,228,416,0.5481,0,6,0.0000,131,189,0.6931,183,279,462,55,43,40,59,124,587
Malik Beasley,DEN,154,33,73,0.4521,9,28,0.3214,8,10,0.8000,5,12,17,11,7,0,8,10,83
Mason Plumlee,DEN,620,99,181,0.5470,0,1,0.0000,47,76,0.6184,50,123,173,70,19,29,46,77,245
Mike Miller,DEN,141,9,23,0.3913,8,20,0.4000,2,2,1.0000,2,36,38,22,2,0,13,9,28
Nikola Jokic,DEN,2005,494,854,0.5785,45,139,0.3237,188,228,0.8246,212,506,718,359,61,55,171,214,1221
Roy Hibbert,DEN,8,2,3,0.6667,0,0,,0,0,,1,1,2,1,0,2,1,3,4
Will Barton,DEN,1677,295,666,0.4429,87,235,0.3702,143,190,0.7526,58,201,259,206,48,28,97,110,820
Wilson Chandler,DEN,2165,433,939,0.4611,110,326,0.3374,141,194,0.7268,103,357,460,141,51,30,114,172,1117
Andre Drummond,DET,2371,483,911,0.5302,2,7,0.2857,137,355,0.3859,345,770,1115,90,124,89,152,237,1105
Aron Baynes,DET,1124,143,279,0.5125,0,0,,79,94,0.8404,111,222,333,32,17,39,50,166,365
Beno Udrih,DET,542,92,197,0.4670,11,32,0.3438,32,34,0.9412,6,51,57,131,13,0,36,29,227
Boban Marjanovic,DET,278,72,132,0.5455,0,0,,47,58,0.8103,46,84,130,9,6,12,10,25,191
Darrun Hilliard,DET,363,47,126,0.3730,12,46,0.2609,21,28,0.7500,2,31,33,33,11,2,28,39,127
Henry Ellenson,DET,139,23,64,0.3594,10,35,0.2857,4,8,0.5000,8,33,41,7,1,1,14,6,60
Ish Smith,DET,1919,329,749,0.4393,28,105,0.2667,72,102,0.7059,21,214,235,418,61,33,112,127,758
Jon Leuer,DET,1907,310,646,0.4799,49,167,0.2934,98,113,0.8673,102,300,402,111,31,26,66,145,767
Kentavious Caldwell-Pope,DET,2490,370,928,0.3987,153,437,0.3501,154,185,0.8324,55,193,248,193,89,12,86,118,1047
Marcus Morris,DET,2525,421,1007,0.4181,118,357,0.3305,145,185,0.7838,77,289,366,160,52,25,87,168,1105
Michael Gbinije,DET,27,1,10,0.1000,0,4,0.0000,2,2,1.0000,2,1,3,2,0,0,0,2,4
Reggie Bullock,DET,456,54,128,0.4219,28,73,0.3836,5,7,0.7143,13,51,64,29,18,3,10,22,141
Reggie Jackson,DET,1395,284,677,0.4195,66,184,0.3587,118,136,0.8676,21,93,114,270,35,5,114,129,752
Stanley Johnson,DET,1329,129,365,0.3534,45,154,0.2922,36,53,0.6792,36,153,189,105,56,24,71,121,339
Tobias Harris,DET,2529,511,1063,0.4807,109,314,0.3471,190,226,0.8407,63,353,416,142,60,39,96,133,1321
Anderson Varejao,GSW,86,5,14,0.3571,0,0,,8,11,0.7273,12,15,27,10,3,3,8,16,18
Andre Iguodala,GSW,1958,219,415,0.5277,64,177,0.3616,72,102,0.7059,51,253,304,261,76,39,58,97,574
Briante Weber,GSW,43,5,14,0.3571,0,3,0.0000,2,3,0.6667,0,4,4,5,3,1,3,4,12
Damian Jones,GSW,81,8,16,0.5000,0,0,,3,10,0.3000,9,14,23,0,1,4,6,15,19
David West,GSW,822,135,252,0.5357,3,8,0.3750,43,56,0.7679,47,156,203,151,42,48,78,105,316
Draymond Green,GSW,2431,272,650,0.4185,81,263,0.3080,151,213,0.7089,98,501,599,533,154,106,184,217,776
Ian Clark,GSW,1096,211,433,0.4873,61,163,0.3742,44,58,0.7586,22,99,121,90,39,8,55,77,527
James Michael McAdoo,GSW,432,62,117,0.5299,2,8,0.2500,21,42,0.5000,34,57,91,18,18,29,19,47,147
JaVale McGee,GSW,702,208,319,0.6520,0,3,0.0000,56,111,0.5045,100,144,244,17,19,67,40,109,472
Kevin Durant,GSW,2040,551,1026,0.5370,117,312,0.3750,336,384,0.8750,39,474,513,300,66,99,138,117,1555
Kevon Looney,GSW,421,56,107,0.5234,2,9,0.2222,21,34,0.6176,44,80,124,29,15,17,17,64,135
Klay Thompson,GSW,2615,644,1376,0.4680,268,647,0.4142,186,218,0.8532,49,236,285,160,66,40,128,139,1742
Matt Barnes,GSW,400,38,90,0.4222,18,52,0.3462,20,23,0.8696,15,76,91,45,12,9,24,47,114
Patrick McCaw,GSW,1035,106,245,0.4327,41,123,0.3333,29,37,0.7838,21,79,100,77,32,15,36,62,282
Shaun Livingston,GSW,1307,173,316,0.5475,1,3,0.3333,42,60,0.7000,28,123,151,139,38,20,62,120,389
Stephen Curry,GSW,2601,675,1443,0.4678,324,789,0.4106,325,362,0.8978,61,292,353,524,142,17,239,183,1999
Zaza Pachulia,GSW,1233,164,307,0.5342,0,2,0.0000,98,126,0.7778,140,270,410,132,59,33,87,166,426
Bobby Brown,HOU,109,23,60,0.3833,14,35,0.4000,2,2,1.0000,0,6,6,14,1,0,5,5,62
Chinanu Onuaku,HOU,50,5,7,0.7143,0,0,,4,4,1.0000,2,8,10,3,3,1,4,6,14
Clint Capela,HOU,1521,362,563,0.6430,0,0,,94,177,0.5311,178,348,526,63,34,79,87,179,818
Corey Brewer,HOU,891,94,227,0.4141,22,94,0.2340,32,44,0.7273,21,93,114,61,37,12,36,104,242
Eric Gordon,HOU,2287,412,1016,0.4055,246,661,0.3722,147,175,0.8400,29,172,201,188,48,41,121,150,1217
Isaiah Taylor,HOU,50,1,7,0.1429,0,2,0.0000,1,2,0.5000,1,2,3,3,1,1,0,6,3
James Harden,HOU,2903,674,1533,0.4397,262,756,0.3466,746,881,0.8468,95,564,659,907,121,38,464,215,2356
K.J. McDaniels,HOU,198,31,68,0.4559,9,27,0.3333,9,10,0.9000,6,24,30,4,7,8,10,24,80
Kyle Wiltjer,HOU,37,4,14,0.2857,4,13,0.3077,1,2,0.5000,4,6,10,2,3,1,5,4,13
Lou Williams,HOU,578,102,264,0.3864,41,129,0.3178,98,113,0.8673,12,58,70,56,15,9,40,25,343
Montrezl Harrell,HOU,1032,225,345,0.6522,1,7,0.1429,76,121,0.6281,81,138,219,64,20,42,44,126,527
Nene Hilario,HOU,1160,245,397,0.6171,3,9,0.3333,116,197,0.5888,95,187,282,65,56,39,73,163,609
Patrick Beverley,HOU,2026,228,543,0.4199,110,288,0.3819,73,95,0.7684,95,298,393,281,99,25,100,222,639
Ryan Anderson,HOU,2085,323,773,0.4179,204,506,0.4032,129,150,0.8600,112,218,330,68,31,14,55,142,979
Sam Dekker,HOU,1380,203,429,0.4732,60,187,0.3209,38,68,0.5588,94,190,284,76,38,21,41,83,504
Trevor Ariza,HOU,2737,326,798,0.4085,191,555,0.3441,93,126,0.7381,54,404,458,175,147,20,73,133,936
Troy Williams,HOU,136,22,44,0.5000,8,21,0.3810,6,7,0.8571,9,15,24,6,3,1,6,18,58
Tyler Ennis,HOU,180,25,64,0.3906,6,16,0.3750,2,3,0.6667,4,15,19,34,6,0,24,29,58
Aaron Brooks,IND,863,121,300,0.4033,48,128,0.3750,32,40,0.8000,18,51,69,125,25,9,66,93,322
Al Jefferson,IND,895,235,471,0.4989,0,1,0.0000,65,85,0.7647,75,203,278,57,19,16,33,125,535
C.J. Miles,IND,1736,281,647,0.4343,169,409,0.4132,84,93,0.9032,30,199,229,48,46,25,40,151,815
Georges Niang,IND,80,9,36,0.2500,1,12,0.0833,2,2,1.0000,2,15,17,5,3,0,5,6,21
Glenn Robinson,IND,1395,158,338,0.4675,49,125,0.3920,54,76,0.7105,57,189,246,47,41,20,37,63,419
Jeff Teague,IND,2616,402,909,0.4422,90,252,0.3571,360,415,0.8675,33,297,330,639,100,32,216,165,1254
Joe Young,IND,117,26,72,0.3611,5,23,0.2174,11,15,0.7333,1,16,17,15,4,0,5,5,68
Kevin Seraphin,IND,536,109,198,0.5505,0,2,0.0000,14,22,0.6364,41,101,142,23,7,20,29,66,232
Lance Stephenson,IND,129,18,44,0.4091,5,8,0.6250,2,3,0.6667,1,23,24,25,3,2,11,12,43
Lavoy Allen,IND,844,77,168,0.4583,0,1,0.0000,23,33,0.6970,105,114,219,57,18,24,29,78,177
Monta Ellis,IND,1961,247,557,0.4434,43,135,0.3185,93,128,0.7266,19,185,204,236,78,27,135,149,630
Myles Turner,IND,2497,444,869,0.5109,40,115,0.3478,245,303,0.8086,139,450,589,106,74,172,105,262,1173
Paul George,IND,2653,622,1348,0.4614,195,496,0.3931,336,374,0.8984,58,434,492,251,119,27,220,206,1775
Rakeem Christmas,IND,208,19,43,0.4419,0,0,,21,29,0.7241,26,30,56,4,3,6,8,37,59
Rodney Stuckey,IND,680,91,244,0.3730,19,60,0.3167,80,107,0.7477,6,78,84,84,16,0,53,44,281
Thaddeus Young,IND,2202,362,687,0.5269,45,118,0.3814,45,86,0.5233,131,317,448,122,113,29,95,135,814
Alan Anderson,LAC,295,30,80,0.3750,14,44,0.3182,12,16,0.7500,3,21,24,11,3,0,7,35,86
Austin Rivers,LAC,2019,323,731,0.4419,111,299,0.3712,132,191,0.6911,20,141,161,204,48,10,115,187,889
Blake Griffin,LAC,2045,479,971,0.4933,38,113,0.3363,320,421,0.7601,112,385,497,300,57,22,142,157,1316
Brandon Bass,LAC,554,107,186,0.5753,1,3,0.3333,77,88,0.8750,43,86,129,21,14,11,29,45,292
Brice Johnson,LAC,7,2,7,0.2857,0,0,,0,0,,1,2,3,1,2,1,1,0,4
Chris Paul,LAC,1891,374,785,0.4764,124,302,0.4106,232,260,0.8923,40,264,304,563,119,8,147,146,1104
DeAndre Jordan,LAC,2534,412,577,0.7140,0,2,0.0000,205,425,0.4824,298,816,1114,96,51,134,115,212,1029
Diamond Stone,LAC,19,3,13,0.2308,0,0,,4,4,1.0000,1,5,6,0,0,1,2,5,10
J.J. Redick,LAC,2161,396,890,0.4449,201,468,0.4295,180,202,0.8911,11,160,171,110,54,13,98,125,1173
Jamal Crawford,LAC,2115,359,870,0.4126,116,322,0.3602,174,203,0.8571,17,112,129,214,61,14,134,115,1008
Luc Mbah a Moute,LAC,1751,191,378,0.5053,43,110,0.3909,59,87,0.6782,44,126,170,39,81,35,46,122,484
Marreese Speights,LAC,1243,244,548,0.4453,103,277,0.3718,120,137,0.8759,88,285,373,65,23,41,69,229,711
Paul Pierce,LAC,264,28,70,0.4000,15,43,0.3488,10,13,0.7692,1,47,48,10,4,5,16,40,81
Raymond Felton,LAC,1658,221,514,0.4300,46,144,0.3194,50,64,0.7813,33,185,218,191,66,22,83,125,538
Wesley Johnson,LAC,772,73,200,0.3650,29,118,0.2458,11,17,0.6471,26,155,181,23,29,30,18,83,186
Brandon Ingram,LAL,2243,276,686,0.4023,55,187,0.2941,133,214,0.6215,60,256,316,166,50,36,116,158,740
Corey Brewer,LAL,348,53,121,0.4380,5,24,0.2083,18,24,0.7500,11,41,52,36,24,8,19,29,129
D'Angelo Russell,LAL,1780,351,867,0.4048,135,384,0.3516,147,188,0.7819,31,190,221,303,87,16,176,130,984
David Nwaba,LAL,390,47,81,0.5802,1,5,0.2000,25,39,0.6410,17,46,63,14,13,7,11,36,120
Ivica Zubac,LAL,591,126,238,0.5294,0,3,0.0000,32,49,0.6531,41,118,159,30,14,33,30,66,284
Jordan Clarkson,LAL,2360,477,1071,0.4454,117,356,0.3287,134,168,0.7976,49,197,246,213,88,8,164,150,1205
Jose Calderon,LAL,280,32,77,0.4156,12,34,0.3529,4,4,1.0000,8,34,42,51,7,1,26,22,80
Julius Randle,LAL,2096,377,773,0.4877,17,63,0.2698,204,282,0.7234,150,486,636,264,49,37,173,248,975
Larry Nance,LAL,1413,190,361,0.5263,10,36,0.2778,59,80,0.7375,120,249,369,96,82,39,56,149,449
Lou Williams,LAL,1378,326,734,0.4441,122,317,0.3849,304,344,0.8837,14,118,132,183,65,11,120,67,1078
Luol Deng,LAL,1462,164,424,0.3868,51,165,0.3091,46,63,0.7302,63,232,295,74,48,20,43,61,425
Marcelo Huertas,LAL,227,25,68,0.3676,4,19,0.2105,9,17,0.5294,2,22,24,52,10,2,19,16,63
Metta World Peace,LAL,147,19,68,0.2794,9,38,0.2368,10,16,0.6250,5,15,20,11,10,2,7,18,57
Nick Young,LAL,1526,272,633,0.4297,170,421,0.4038,77,90,0.8556,25,113,138,58,37,14,36,137,791
Tarik Black,LAL,1055,150,294,0.5102,1,2,0.5000,82,109,0.7523,144,199,343,39,29,44,58,173,383
Thomas Robinson,LAL,536,105,196,0.5357,0,1,0.0000,31,66,0.4697,84,139,223,31,26,9,46,76,241
Timofey Mozgov,LAL,1078,169,328,0.5152,0,1,0.0000,63,78,0.8077,104,160,264,43,16,31,72,133,401
Tyler Ennis,LAL,383,65,144,0.4514,21,54,0.3889,19,22,0.8636,5,21,26,52,19,2,21,29,170
Andrew Harrison,MEM,1441,117,360,0.3250,43,156,0.2756,148,194,0.7629,23,113,136,198,53,21,85,194,425
Brandan Wright,MEM,434,83,135,0.6148,0,1,0.0000,23,35,0.6571,31,47,78,15,11,20,10,42,189
Chandler Parsons,MEM,657,75,222,0.3378,25,93,0.2688,35,43,0.8140,6,78,84,55,20,5,24,52,210
Deyonta Davis,MEM,220,24,47,0.5106,0,0,,10,18,0.5556,20,40,60,2,3,17,8,40,58
James Ennis,MEM,1468,146,321,0.4548,51,137,0.3723,86,110,0.7818,69,190,259,64,46,19,59,165,429
JaMychal Green,MEM,2060,250,500,0.5000,55,145,0.3793,134,167,0.8024,167,377,544,84,47,34,94,248,689
Jarell Martin,MEM,537,58,151,0.3841,9,25,0.3600,40,50,0.8000,42,120,162,8,17,9,28,91,165
Marc Gasol,MEM,2501,532,1160,0.4586,104,268,0.3881,278,332,0.8373,60,404,464,338,67,99,166,171,1446
Mike Conley,MEM,2257,464,1009,0.4599,171,419,0.4081,316,368,0.8587,31,210,241,433,92,19,156,126,1415
Toney Douglas,MEM,382,43,117,0.3675,7,42,0.1667,24,29,0.8276,13,48,61,56,18,5,21,50,117
Tony Allen,MEM,1877,274,595,0.4605,15,54,0.2778,80,130,0.6154,166,225,391,98,115,29,100,178,643
Troy Daniels,MEM,1148,185,495,0.3737,138,355,0.3887,43,54,0.7963,22,78,100,46,20,4,45,90,551
Troy Williams,MEM,407,51,123,0.4146,10,41,0.2439,15,25,0.6000,6,39,45,19,24,9,26,42,127
Vince Carter,MEM,1765,193,490,0.3939,112,296,0.3784,88,115,0.7652,36,191,227,133,60,36,50,163,586
Wade Baldwin,MEM,390,36,115,0.3130,3,22,0.1364,31,37,0.8378,11,35,46,61,18,7,39,40,106
Wayne Selden,MEM,185,20,50,0.4000,3,21,0.1429,12,18,0.6667,1,10,11,12,4,1,9,12,55
Zach Randolph,MEM,1750,433,964,0.4492,21,94,0.2234,141,193,0.7306,182,416,598,122,38,10,99,136,1028
Derrick Williams,MIA,366,54,137,0.3942,9,45,0.2000,31,50,0.6200,16,57,73,14,9,5,14,33,148
Dion Waiters,MIA,1359,281,663,0.4238,85,215,0.3953,82,127,0.6457,18,135,153,200,42,20,103,95,729
Goran Dragic,MIA,2423,534,1124,0.4751,117,289,0.4048,298,377,0.7905,62,217,279,423,89,13,212,199,1483
Hassan Whiteside,MIA,2473,542,973,0.5570,0,0,,225,358,0.6285,293,795,1088,57,57,161,154,226,1309
James Johnson,MIA,2047,368,769,0.4785,87,256,0.3398,152,215,0.7070,66,310,376,276,76,86,171,197,975
Josh McRoberts,MIA,368,44,118,0.3729,13,31,0.4194,6,9,0.6667,23,51,74,50,10,4,23,31,107
Josh Richardson,MIA,1589,202,513,0.3938,75,227,0.3304,60,77,0.7792,35,133,168,140,60,39,65,132,539
Justise Winslow,MIA,616,80,225,0.3556,7,35,0.2000,29,47,0.6170,23,71,94,66,26,6,33,52,196
Luke Babbitt,MIA,1031,113,281,0.4021,87,210,0.4143,11,15,0.7333,12,129,141,36,20,11,25,118,324
Marcus Georges-Hunt,MIA,0,0,0,,0,0,,0,0,,0,0,0,0,0,0,0,0,0
Okaro White,MIA,454,33,87,0.3793,12,34,0.3529,20,22,0.9091,25,57,82,21,10,10,18,52,98
Rodney McGruder,MIA,1928,190,460,0.4130,73,220,0.3318,44,71,0.6197,94,162,256,124,46,18,56,140,497
Tyler Johnson,MIA,2139,357,824,0.4333,93,250,0.3720,195,254,0.7677,50,243,293,233,84,44,90,176,1002
Udonis Haslem,MIA,122,11,23,0.4783,0,3,0.0000,9,15,0.6000,8,28,36,6,6,1,8,22,31
Wayne Ellington,MIA,1470,231,555,0.4162,149,394,0.3782,37,43,0.8605,18,114,132,70,35,4,30,70,648
Willie Reed,MIA,995,162,285,0.5684,1,4,0.2500,49,88,0.5568,129,203,332,26,18,47,31,137,374
Axel Toupane,MIL,5,0,1,0.0000,0,1,0.0000,0,0,,0,0,0,0,0,0,0,1,0
Gary Payton,MIL,95,8,22,0.3636,1,9,0.1111,3,5,0.6000,0,12,12,13,3,4,10,9,20
Giannis Antetokounmpo,MIL,2806,656,1259,0.5210,49,180,0.2722,471,612,0.7696,142,558,700,434,131,151,234,246,1832
Greg Monroe,MIL,1784,387,726,0.5331,0,4,0.0000,177,239,0.7406,167,365,532,187,92,38,140,168,951
Jabari Parker,MIL,1707,399,814,0.4902,65,178,0.3652,162,218,0.7431,79,235,314,142,50,22,93,111,1025
Jason Terry,MIL,1327,105,243,0.4321,73,171,0.4269,24,29,0.8276,15,91,106,98,46,20,36,95,307
John Henson,MIL,1092,159,309,0.5146,0,1,0.0000,74,107,0.6916,92,203,295,57,29,78,52,151,392
Khris Middleton,MIL,874,150,333,0.4505,45,104,0.4327,81,92,0.8804,11,112,123,99,41,7,65,79,426
Malcolm Brogdon,MIL,1944,290,635,0.4567,78,193,0.4041,109,126,0.8651,47,166,213,317,84,12,113,140,767
Matthew Dellavedova,MIL,1947,208,534,0.3895,79,215,0.3674,82,96,0.8542,24,123,147,357,53,0,133,153,577
Michael Beasley,MIL,904,216,406,0.5320,18,43,0.4186,78,105,0.7429,40,153,193,53,27,27,66,92,528
Miles Plumlee,MIL,292,30,68,0.4412,0,0,,22,35,0.6286,23,30,53,18,11,9,22,48,82
Mirza Teletovic,MIL,1097,156,418,0.3732,104,305,0.3410,35,45,0.7778,11,151,162,48,12,13,37,109,451
Rashad Vaughn,MIL,438,57,156,0.3654,26,81,0.3210,2,5,0.4000,4,45,49,23,19,10,14,32,142
Roy Hibbert,MIL,0,0,0,,0,0,,0,0,,0,0,0,0,0,0,0,0,0
Spencer Hawes,MIL,160,30,59,0.5085,9,26,0.3462,14,18,0.7778,6,39,45,19,2,4,9,16,83
Steve Novak,MIL,16,2,7,0.2857,1,6,0.1667,0,0,,0,3,3,0,0,0,0,1,5
Terrence Jones,MIL,5,0,3,0.0000,0,0,,0,0,,0,3,3,0,1,1,0,0,0
Thon Maker,MIL,529,83,181,0.4586,28,74,0.3784,32,49,0.6531,40,74,114,23,10,26,17,84,226
Tony Snell,MIL,2297,246,541,0.4547,144,355,0.4056,47,58,0.8103,22,226,248,96,55,14,55,125,683
Adreian Payne,MIN,126,23,54,0.4259,3,15,0.2000,14,19,0.7368,9,24,33,7,8,7,8,32,63
Andrew Wiggins,MIN,3010,709,1570,0.4516,103,289,0.3564,412,542,0.7601,102,226,328,189,82,30,187,183,1933
Brandon Rush,MIN,1010,70,187,0.3743,44,114,0.3860,13,18,0.7222,16,83,99,45,22,23,28,42,197
Cole Aldrich,MIN,499,45,86,0.5233,0,0,,15,22,0.6818,51,107,158,25,25,23,17,85,105
Gorgui Dieng,MIN,2615,332,661,0.5023,16,43,0.3721,136,167,0.8144,188,459,647,158,88,95,107,254,816
John Lucas III,MIN,9,1,4,0.2500,0,1,0.0000,0,0,,0,0,0,1,2,0,0,0,2
Jordan Hill,MIN,43,5,13,0.3846,0,0,,2,2,1.0000,8,6,14,0,1,0,4,9,12
Karl-Anthony Towns,MIN,2989,802,1480,0.5419,101,275,0.3673,356,428,0.8318,296,711,1007,220,56,103,212,241,2061
Kris Dunn,MIN,1297,118,313,0.3770,21,73,0.2877,36,59,0.6102,24,142,166,188,78,36,89,178,293
Lance Stephenson,MIN,64,10,21,0.4762,0,2,0.0000,1,2,0.5000,0,10,10,5,0,0,4,2,21
Nemanja Bjelica,MIN,1157,151,356,0.4242,56,177,0.3164,45,61,0.7377,57,187,244,79,40,20,59,154,403
Omri Casspi,MIN,214,19,38,0.5000,2,10,0.2000,5,8,0.6250,6,14,20,11,13,2,10,24,45
Ricky Rubio,MIN,2435,261,650,0.4015,60,196,0.3061,254,285,0.8912,68,237,305,682,128,10,195,202,836
Shabazz Muhammad,MIN,1476,288,598,0.4816,49,145,0.3379,147,190,0.7737,84,136,220,35,22,6,56,86,772
Tyus Jones,MIN,748,75,181,0.4144,26,73,0.3562,33,43,0.7674,10,57,67,156,48,5,38,50,209
Zach LaVine,MIN,1729,326,710,0.4592,120,310,0.3871,117,140,0.8357,19,141,160,139,41,10,85,104,889
Alexis Ajinca,NOP,568,89,178,0.5000,0,4,0.0000,29,40,0.7250,46,131,177,12,20,22,31,77,207
Anthony Brown,NOP,137,14,41,0.3415,6,24,0.2500,0,0,,6,20,26,6,5,1,5,13,34
Anthony Davis,NOP,2674,770,1526,0.5046,40,134,0.2985,519,647,0.8022,172,712,884,157,94,167,181,168,2099
Archie Goodwin,NOP,29,2,5,0.4000,1,2,0.5000,10,10,1.0000,0,0,0,1,0,1,0,1,15
Axel Toupane,NOP,40,5,8,0.6250,1,3,0.3333,0,0,,0,1,1,0,1,1,0,5,11
Buddy Hield,NOP,1134,185,471,0.3928,89,241,0.3693,29,33,0.8788,19,147,166,77,18,7,48,81,488
Cheick Diallo,NOP,191,36,76,0.4737,0,0,,15,21,0.7143,23,50,73,4,4,7,7,17,87
Dante Cunningham,NOP,1617,174,359,0.4847,71,181,0.3923,16,27,0.5926,56,221,277,37,39,28,28,100,435
DeMarcus Cousins,NOP,565,142,314,0.4522,36,96,0.3750,94,121,0.7769,37,174,211,66,25,19,62,75,414
Donatas Motiejunas,NOP,462,57,138,0.4130,11,47,0.2340,25,49,0.5102,26,75,101,32,18,11,31,55,150
E'Twaun Moore,NOP,1788,283,619,0.4572,77,208,0.3702,57,74,0.7703,33,119,152,164,50,32,62,131,700
Hollis Thompson,NOP,186,11,41,0.2683,6,24,0.2500,6,9,0.6667,4,24,28,9,6,0,2,14,34
Jarrett Jack,NOP,32,2,3,0.6667,0,1,0.0000,2,2,1.0000,0,0,0,5,2,0,3,4,6
Jordan Crawford,NOP,433,105,218,0.4817,37,95,0.3895,20,26,0.7692,4,30,34,57,11,2,25,30,267
Jrue Holiday,NOP,2157,405,893,0.4535,100,281,0.3559,119,168,0.7083,46,218,264,488,100,44,194,133,1029
Lance Stephenson,NOP,159,26,55,0.4727,1,10,0.1000,5,8,0.6250,3,15,18,29,2,1,11,18,58
Langston Galloway,NOP,1092,165,441,0.3741,101,268,0.3769,40,52,0.7692,20,101,121,65,40,5,28,76,471
Omer Asik,NOP,466,31,65,0.4769,0,0,,23,39,0.5897,48,115,163,15,5,10,14,51,85
Omri Casspi,NOP,23,5,9,0.5556,2,4,0.5000,0,0,,1,1,2,0,0,0,2,3,12
Quinn Cook,NOP,106,22,41,0.5366,6,12,0.5000,2,3,0.6667,1,3,4,14,3,0,5,7,52
Reggie Williams,NOP,76,8,23,0.3478,5,11,0.4545,6,7,0.8571,2,4,6,4,3,0,0,2,27
Solomon Hill,NOP,2335,183,478,0.3828,94,270,0.3481,103,128,0.8047,51,256,307,141,72,32,82,182,563
Terrence Jones,NOP,1236,231,489,0.4724,19,75,0.2533,103,170,0.6059,65,238,303,59,39,53,48,67,584
Tim Frazier,NOP,1492,163,404,0.4035,40,128,0.3125,98,129,0.7597,34,139,173,335,56,6,101,133,464
Tyreke Evans,NOP,461,91,227,0.4009,21,70,0.3000,45,58,0.7759,6,80,86,91,23,4,39,41,248
Wayne Selden,NOP,45,5,8,0.6250,4,7,0.5714,2,4,0.5000,0,5,5,1,2,0,3,6,16
Brandon Jennings,NYK,1399,163,429,0.3800,68,200,0.3400,102,135,0.7556,21,131,152,287,55,4,106,84,496
Carmelo Anthony,NYK,2501,602,1389,0.4334,151,421,0.3587,304,365,0.8329,62,376,438,213,60,34,153,198,1659
Chasson Randle,NYK,217,28,72,0.3889,10,32,0.3125,29,31,0.9355,6,21,27,28,6,1,16,28,95
Courtney Lee,NYK,2422,321,704,0.4560,108,269,0.4015,85,98,0.8673,53,206,259,179,81,24,69,141,835
Derrick Rose,NYK,2051,460,977,0.4708,13,60,0.2167,221,253,0.8735,66,180,246,283,44,17,147,84,1154
Joakim Noah,NYK,992,99,202,0.4901,0,1,0.0000,34,78,0.4359,162,241,403,103,30,37,58,127,232
Justin Holiday,NYK,1603,233,538,0.4331,97,273,0.3553,66,80,0.8250,27,198,225,102,65,31,66,109,629
Kristaps Porzingis,NYK,2130,443,985,0.4497,112,314,0.3567,198,252,0.7857,111,364,475,97,47,129,118,244,1196
Kyle O'Quinn,NYK,1191,215,413,0.5206,2,17,0.1176,64,83,0.7711,157,282,439,117,36,104,76,174,496
Lance Thomas,NYK,945,97,244,0.3975,38,85,0.4471,43,51,0.8431,32,110,142,35,21,5,25,85,275
Marshall Plumlee,NYK,160,16,30,0.5333,0,0,,8,19,0.4211,23,28,51,10,4,4,12,23,40
Maurice Ndour,NYK,314,39,86,0.4535,1,7,0.1429,19,26,0.7308,22,42,64,8,15,8,12,30,98
Mindaugas Kuzminskas,NYK,982,158,369,0.4282,54,168,0.3214,55,68,0.8088,47,79,126,69,29,11,51,79,425
Ron Baker,NYK,832,82,217,0.3779,23,86,0.2674,28,43,0.6512,12,86,98,107,34,8,56,74,215
Sasha Vujacic,NYK,388,42,136,0.3088,23,74,0.3108,17,24,0.7083,12,47,59,52,13,2,16,38,124
Willy Hernangomez,NYK,1290,246,465,0.5290,4,15,0.2667,91,125,0.7280,170,332,502,96,41,36,100,150,587
Alex Abrines,OKC,1020,134,341,0.3930,94,247,0.3806,44,49,0.8980,18,68,86,40,37,8,33,114,406
Andre Roberson,OKC,2335,215,463,0.4644,45,184,0.2446,47,111,0.4234,98,305,403,79,94,79,51,204,522
Anthony Morrow,OKC,607,86,223,0.3857,35,119,0.2941,23,26,0.8846,11,18,29,19,22,2,6,40,230
Cameron Payne,OKC,311,43,130,0.3308,16,52,0.3077,4,4,1.0000,2,29,31,40,10,4,16,38,106
Domantas Sabonis,OKC,1593,192,481,0.3992,51,159,0.3208,44,67,0.6567,46,242,288,82,39,32,83,200,479
Doug McDermott,OKC,419,56,124,0.4516,21,58,0.3621,12,17,0.7059,6,43,49,13,2,1,6,22,145
Enes Kanter,OKC,1496,402,737,0.5455,5,38,0.1316,224,285,0.7860,195,287,482,67,32,38,123,154,1033
Ersan Ilyasova,OKC,61,6,16,0.3750,3,12,0.2500,0,0,,2,14,16,1,3,1,4,5,15
Jerami Grant,OKC,1451,146,311,0.4695,43,114,0.3772,86,139,0.6187,38,161,199,46,33,75,41,144,421
Joffrey Lauvergne,OKC,712,111,244,0.4549,27,78,0.3462,37,58,0.6379,51,132,183,51,18,6,40,71,286
Josh Huestis,OKC,30,6,11,0.5455,2,4,0.5000,0,1,0.0000,4,5,9,3,0,3,0,0,14
Kyle Singler,OKC,373,34,83,0.4096,7,37,0.1892,13,17,0.7647,8,40,48,9,7,5,11,29,88
Nick Collison,OKC,117,14,23,0.6087,0,1,0.0000,5,8,0.6250,9,22,31,12,2,2,4,17,33
Norris Cole,OKC,119,16,52,0.3077,3,13,0.2308,8,10,0.8000,0,11,11,14,8,0,7,18,43
Russell Westbrook,OKC,2761,824,1941,0.4245,200,583,0.3431,710,840,0.8452,137,727,864,840,132,31,438,190,2558
Semaj Christon,OKC,942,77,223,0.3453,12,63,0.1905,17,31,0.5484,19,68,87,130,28,7,43,79,183
Steven Adams,OKC,2351,374,655,0.5710,0,1,0.0000,157,257,0.6109,281,332,613,86,89,78,146,195,905
Taj Gibson,OKC,478,89,179,0.4972,1,1,1.0000,28,39,0.7179,38,65,103,13,14,15,28,40,207
Victor Oladipo,OKC,2193,412,932,0.4421,127,352,0.3608,116,154,0.7532,39,252,291,176,78,21,119,155,1067
Aaron Gordon,ORL,2260,393,865,0.4543,77,267,0.2884,156,217,0.7189,116,289,405,150,65,40,89,172,1019
Anthony Brown,ORL,16,4,9,0.4444,1,3,0.3333,0,0,,2,5,7,2,0,0,1,2,9
Arinze Onuaku,ORL,24,2,4,0.5000,0,0,,0,0,,2,4,6,2,0,1,2,3,4
Bismack Biyombo,ORL,1752,179,339,0.5280,0,0,,125,234,0.5342,157,410,567,74,25,91,95,202,483
C.J. Watson,ORL,981,96,248,0.3871,32,105,0.3048,57,66,0.8636,16,73,89,114,43,2,47,84,281
C.J. Wilcox,ORL,95,8,31,0.2581,3,15,0.2000,2,2,1.0000,4,8,12,12,2,1,6,8,21
D.J. Augustin,ORL,1499,195,517,0.3772,95,274,0.3467,131,161,0.8137,15,102,117,209,31,1,90,101,616
Damjan Rudez,ORL,294,31,88,0.3523,20,64,0.3125,0,0,,5,20,25,20,12,1,9,31,82
Elfrid Payton,ORL,2369,430,912,0.4715,40,146,0.2740,146,211,0.6919,89,298,387,529,88,40,178,177,1046
Evan Fournier,ORL,2197,408,930,0.4387,128,360,0.3556,223,277,0.8051,44,165,209,202,66,4,141,180,1167
Jeff Green,ORL,1496,220,558,0.3943,53,193,0.2746,145,168,0.8631,39,175,214,81,37,13,75,103,638
Jodie Meeks,ORL,718,103,256,0.4023,56,137,0.4088,65,74,0.8784,5,72,77,45,34,4,36,41,327
Marcus Georges-Hunt,ORL,46,2,7,0.2857,1,2,0.5000,9,10,0.9000,1,8,9,3,1,0,2,5,14
Mario Hezonja,ORL,931,117,330,0.3545,43,144,0.2986,40,50,0.8000,20,126,146,62,30,15,58,74,317
Nikola Vucevic,ORL,2128,483,1031,0.4685,23,75,0.3067,107,160,0.6688,176,603,779,208,76,74,117,180,1096
Patricio Garino,ORL,41,0,7,0.0000,0,5,0.0000,0,0,,1,6,7,0,0,0,3,4,0
Serge Ibaka,ORL,1681,343,703,0.4879,83,214,0.3879,77,91,0.8462,100,282,382,60,34,91,66,139,846
Stephen Zimmerman,ORL,98,10,31,0.3226,0,0,,3,5,0.6000,11,24,35,4,2,5,3,17,23
Terrence Ross,ORL,738,115,267,0.4307,46,135,0.3407,23,27,0.8519,4,64,68,43,34,13,35,61,299
Alex Poythress,PHI,153,25,54,0.4630,6,19,0.3158,8,10,0.8000,11,18,29,5,3,2,3,14,64
Chasson Randle,PHI,70,12,26,0.4615,6,15,0.4000,12,12,1.0000,0,5,5,6,3,1,3,11,42
Dario Saric,PHI,2093,381,927,0.4110,106,341,0.3109,172,220,0.7818,112,401,513,182,57,30,183,162,1040
Ersan Ilyasova,PHI,1421,285,648,0.4398,107,298,0.3591,109,142,0.7676,71,243,314,97,33,14,78,133,786
Gerald Henderson,PHI,1629,234,553,0.4231,61,173,0.3526,133,165,0.8061,34,151,185,112,40,15,62,129,662
Hollis Thompson,PHI,545,66,159,0.4151,26,71,0.3662,13,20,0.6500,15,69,84,26,14,6,9,55,171
Jahlil Okafor,PHI,1108,242,471,0.5138,0,0,,106,158,0.6709,81,159,240,58,20,49,91,122,590
Jerami Grant,PHI,40,6,17,0.3529,0,2,0.0000,4,8,0.5000,0,6,6,0,0,4,3,5,16
Jerryd Bayless,PHI,70,11,32,0.3438,2,5,0.4000,9,10,0.9000,3,9,12,13,0,0,9,4,33
Joel Embiid,PHI,771,200,429,0.4662,36,98,0.3673,191,244,0.7828,61,182,243,66,27,76,117,112,627
Justin Anderson,PHI,504,75,162,0.4630,21,72,0.2917,32,41,0.7805,30,66,96,34,13,7,26,45,203
Justin Harper,PHI,29,5,12,0.4167,2,7,0.2857,0,0,,2,3,5,2,0,0,4,2,12
Nerlens Noel,PHI,551,107,175,0.6114,0,1,0.0000,43,63,0.6825,46,98,144,30,43,26,29,71,257
Nik Stauskas,PHI,2146,251,634,0.3959,132,359,0.3677,122,150,0.8133,21,205,226,188,45,32,128,144,756
Richaun Holmes,PHI,1166,230,412,0.5583,27,77,0.3506,72,103,0.6990,94,217,311,58,42,55,55,136,559
Robert Covington,PHI,2087,292,732,0.3989,137,412,0.3325,143,174,0.8218,92,344,436,102,127,69,131,203,864
Sergio Rodriguez,PHI,1482,210,536,0.3918,92,252,0.3651,18,27,0.6667,21,136,157,344,49,4,128,95,530
Shawn Long,PHI,226,61,109,0.5596,7,19,0.3684,19,35,0.5429,41,44,85,13,9,9,13,49,148
T.J. McConnell,PHI,2096,236,512,0.4609,11,55,0.2000,73,90,0.8111,39,212,251,534,134,10,159,139,556
Tiago Splitter,PHI,71,14,31,0.4516,2,6,0.3333,9,11,0.8182,8,14,22,4,1,1,6,8,39
Timothe Luwawu-Cabarrot,PHI,1156,145,361,0.4017,50,161,0.3106,105,123,0.8537,25,124,149,75,32,10,73,154,445
Alan Williams,PHO,686,138,267,0.5169,0,1,0.0000,70,112,0.6250,94,198,292,23,27,32,37,125,346
Alex Len,PHO,1524,230,463,0.4968,3,12,0.2500,150,208,0.7212,156,354,510,44,38,98,102,242,613
Brandon Knight,PHO,1115,209,525,0.3981,45,139,0.3237,132,154,0.8571,25,93,118,130,27,5,88,87,595
Derrick Jones,PHO,532,68,121,0.5620,3,11,0.2727,29,41,0.7073,39,40,79,12,14,13,13,63,168
Devin Booker,PHO,2691,606,1431,0.4235,147,405,0.3630,367,441,0.8322,46,203,249,268,72,21,241,242,1726
Dragan Bender,PHO,552,57,161,0.3540,28,101,0.2772,4,11,0.3636,23,80,103,23,10,22,32,74,146
Elijah Millsap,PHO,23,1,7,0.1429,0,2,0.0000,1,2,0.5000,3,3,6,1,0,0,2,2,3
Eric Bledsoe,PHO,2144,449,1034,0.4342,104,310,0.3355,388,458,0.8472,52,268,320,418,91,31,224,164,1390
Jared Dudley,PHO,1330,157,346,0.4538,77,203,0.3793,43,65,0.6615,31,194,225,121,42,16,73,154,434
Jarell Eddie,PHO,60,6,19,0.3158,4,16,0.2500,8,9,0.8889,1,6,7,0,1,0,1,1,24
John Jenkins,PHO,11,2,5,0.4000,1,2,0.5000,2,2,1.0000,0,1,1,1,0,0,0,0,7
Leandro Barbosa,PHO,937,172,392,0.4388,35,98,0.3571,40,45,0.8889,15,89,104,81,31,8,48,82,419
Marquese Chriss,PHO,1706,284,632,0.4494,72,224,0.3214,113,181,0.6243,96,252,348,60,67,70,108,263,753
P.J. Tucker,PHO,1600,147,354,0.4153,46,136,0.3382,61,77,0.7922,94,248,342,73,85,14,52,143,401
Ronnie Price,PHO,128,4,24,0.1667,3,17,0.1765,3,4,0.7500,3,8,11,18,11,1,3,14,14
T.J. Warren,PHO,2014,403,814,0.4951,26,98,0.2653,119,154,0.7727,125,214,339,75,76,39,57,175,951
Tyler Ulis,PHO,1093,184,437,0.4211,21,79,0.2658,55,71,0.7746,20,75,95,226,48,5,77,73,444
Tyson Chandler,PHO,1273,153,228,0.6711,0,0,,91,124,0.7339,153,386,539,30,33,24,65,126,397
Al-Farouq Aminu,POR,1741,183,466,0.3927,70,212,0.3302,96,136,0.7059,77,374,451,99,60,44,94,102,532
Allen Crabbe,POR,2212,303,647,0.4683,134,302,0.4437,105,124,0.8468,19,207,226,94,54,20,62,171,845
CJ McCollum,POR,2765,692,1441,0.4802,185,439,0.4214,268,294,0.9116,60,229,289,285,72,42,172,202,1837
Damian Lillard,POR,2657,661,1488,0.4442,214,579,0.3696,488,545,0.8954,46,322,368,440,68,20,197,152,2024
Ed Davis,POR,770,75,142,0.5282,0,0,,50,81,0.6173,96,148,244,26,15,22,37,137,200
Evan Turner,POR,1630,235,552,0.4257,31,118,0.2627,85,103,0.8252,36,211,247,205,53,24,100,121,586
Jake Layman,POR,230,26,89,0.2921,13,51,0.2549,13,17,0.7647,6,18,24,11,9,3,11,22,78
Jusuf Nurkic,POR,574,120,236,0.5085,0,1,0.0000,64,97,0.6598,65,142,207,63,25,38,62,73,304
Mason Plumlee,POR,1490,235,442,0.5317,0,5,0.0000,127,224,0.5670,120,312,432,214,50,63,88,149,597
Maurice Harkless,POR,2188,314,624,0.5032,68,194,0.3505,77,124,0.6210,125,216,341,88,85,70,86,214,773
Meyers Leonard,POR,1185,146,378,0.3862,74,213,0.3474,35,40,0.8750,27,210,237,71,13,28,35,172,401
Noah Vonleh,POR,1227,130,270,0.4815,7,20,0.3500,60,94,0.6383,131,256,387,31,30,27,64,154,327
Pat Connaughton,POR,296,37,72,0.5139,17,33,0.5152,7,9,0.7778,10,42,52,28,6,2,17,23,98
Shabazz Napier,POR,488,73,183,0.3989,34,92,0.3696,38,49,0.7755,8,53,61,67,32,2,41,38,218
Tim Quarterman,POR,72,13,29,0.4483,5,13,0.3846,0,3,0.0000,4,10,14,11,2,3,11,6,31
Anthony Tolliver,SAC,1444,155,351,0.4416,90,230,0.3913,61,82,0.7439,51,186,237,77,34,20,56,109,461
Arron Afflalo,SAC,1551,185,420,0.4405,62,151,0.4106,83,93,0.8925,9,116,125,78,21,6,42,104,515
Ben McLemore,SAC,1147,180,419,0.4296,65,170,0.3824,70,93,0.7527,19,110,129,51,29,6,62,108,495
Buddy Hield,SAC,717,142,296,0.4797,59,138,0.4275,35,43,0.8140,16,87,103,44,20,2,53,34,378
Darren Collison,SAC,2024,340,714,0.4762,73,175,0.4171,147,171,0.8596,23,129,152,312,67,9,114,119,900
DeMarcus Cousins,SAC,1863,505,1118,0.4517,95,267,0.3558,423,549,0.7705,115,468,583,266,75,74,207,203,1528
Garrett Temple,SAC,1697,183,432,0.4236,82,220,0.3727,58,74,0.7838,32,152,184,168,84,28,78,141,506
Georgios Papagiannis,SAC,345,56,102,0.5490,0,2,0.0000,12,14,0.8571,24,62,86,20,3,17,24,44,124
Jordan Farmar,SAC,34,4,12,0.3333,4,9,0.4444,0,0,,1,2,3,9,2,0,3,1,12
Kosta Koufos,SAC,1386,216,392,0.5510,0,1,0.0000,38,62,0.6129,118,285,403,47,36,48,61,172,470
Langston Galloway,SAC,366,42,104,0.4038,19,40,0.4750,11,12,0.9167,7,28,35,28,6,1,18,20,114
Malachi Richardson,SAC,188,28,68,0.4118,8,28,0.2857,15,19,0.7895,3,20,23,11,5,1,8,23,79
Matt Barnes,SAC,1339,147,383,0.3838,69,211,0.3270,50,66,0.7576,55,238,293,150,36,17,83,138,413
Omri Casspi,SAC,385,53,117,0.4530,11,29,0.3793,12,21,0.5714,20,70,90,26,10,1,17,23,129
Rudy Gay,SAC,998,201,442,0.4548,42,113,0.3717,118,138,0.8551,35,155,190,83,44,26,74,79,562
Skal Labissiere,SAC,595,117,218,0.5367,3,8,0.3750,52,74,0.7027,51,111,162,27,16,13,37,64,289
Ty Lawson,SAC,1701,237,522,0.4540,34,118,0.2881,173,217,0.7972,44,135,179,334,74,6,129,119,681
Tyreke Evans,SAC,308,59,143,0.4126,21,48,0.4375,24,34,0.7059,7,44,51,33,12,5,22,19,163
Willie Cauley-Stein,SAC,1389,255,481,0.5301,0,2,0.0000,101,151,0.6689,85,254,339,80,53,44,69,147,611
Bryn Forbes,SAS,266,36,99,0.3636,17,53,0.3208,5,6,0.8333,2,21,23,23,1,0,11,20,94
Danny Green,SAS,1775,176,449,0.3920,118,311,0.3794,27,32,0.8438,31,193,224,124,70,57,76,120,497
David Lee,SAS,1439,248,420,0.5905,0,0,,80,113,0.7080,149,292,441,124,31,40,82,125,576
Davis Bertans,SAS,777,103,234,0.4402,69,173,0.3988,28,34,0.8235,22,76,98,46,20,28,32,75,303
Dejounte Murray,SAS,306,50,116,0.4310,9,23,0.3913,21,30,0.7000,6,36,42,48,8,6,38,29,130
Dewayne Dedmon,SAS,1291,161,259,0.6216,0,0,,65,93,0.6989,129,367,496,44,37,61,61,180,387
Joel Anthony,SAS,113,10,16,0.6250,0,0,,5,8,0.6250,8,23,31,3,2,6,4,11,25
Jonathon Simmons,SAS,1349,177,421,0.4204,30,102,0.2941,99,132,0.7500,20,140,160,126,47,25,76,146,483
Kawhi Leonard,SAS,2440,636,1312,0.4848,147,387,0.3798,469,533,0.8799,80,350,430,260,133,55,154,122,1888
Kyle Anderson,SAS,987,93,209,0.4450,15,40,0.3750,45,57,0.7895,33,175,208,91,51,26,39,63,246
LaMarcus Aldridge,SAS,2300,500,1049,0.4766,23,56,0.4107,220,271,0.8118,172,351,523,139,46,88,98,158,1243
Manu Ginobili,SAS,1256,171,439,0.3895,89,227,0.3921,86,107,0.8037,28,129,157,183,82,16,96,119,517
Nicolas Laprovittola,SAS,165,20,47,0.4255,10,27,0.3704,9,9,1.0000,1,9,10,28,4,1,19,19,59
Patty Mills,SAS,1721,273,621,0.4396,147,355,0.4141,66,80,0.8250,24,117,141,280,65,3,101,109,759
Pau Gasol,SAS,1595,303,604,0.5017,56,104,0.5385,130,184,0.7065,107,394,501,150,24,70,81,110,792
Tony Parker,SAS,1556,265,569,0.4657,23,69,0.3333,85,117,0.7265,9,104,113,285,34,2,89,92,638
Bruno Caboclo,TOR,37,6,16,0.3750,2,6,0.3333,0,0,,5,5,10,4,2,1,2,4,14
Cory Joseph,TOR,1965,299,661,0.4523,48,135,0.3556,94,122,0.7705,51,184,235,265,66,13,108,140,740
Delon Wright,TOR,432,49,116,0.4224,10,30,0.3333,42,55,0.7636,16,32,48,57,27,11,25,31,150
DeMar DeRozan,TOR,2582,721,1545,0.4667,33,124,0.2661,545,647,0.8423,70,316,386,290,78,13,180,134,2020
DeMarre Carroll,TOR,1843,220,550,0.4000,109,320,0.3406,89,117,0.7607,63,212,275,74,81,27,54,143,638
Fred VanVleet,TOR,277,39,111,0.3514,11,29,0.3793,18,22,0.8182,4,38,42,35,16,3,15,36,107
Jakob Poeltl,TOR,598,67,115,0.5826,0,0,,31,57,0.5439,78,87,165,12,17,20,29,113,165
Jared Sullinger,TOR,111,15,47,0.3191,3,18,0.1667,4,8,0.5000,10,17,27,3,4,1,4,17,37
Jonas Valanciunas,TOR,2025,391,702,0.5570,1,2,0.5000,176,217,0.8111,226,533,759,57,37,63,106,216,959
Kyle Lowry,TOR,2213,426,918,0.4641,193,468,0.4124,299,365,0.8192,48,238,286,417,88,19,173,170,1344
Lucas Nogueira,TOR,1059,103,156,0.6603,3,12,0.2500,44,67,0.6567,82,162,244,42,52,89,46,137,253
Norman Powell,TOR,1335,227,506,0.4486,56,173,0.3237,126,159,0.7925,26,143,169,82,52,14,70,127,636
P.J. Tucker,TOR,598,52,128,0.4063,24,60,0.4000,11,16,0.6875,23,106,129,26,31,5,14,53,139
Pascal Siakam,TOR,831,103,205,0.5024,1,7,0.1429,22,32,0.6875,64,121,185,17,26,45,33,109,229
Patrick Patterson,TOR,1563,154,384,0.4010,94,253,0.3715,43,60,0.7167,62,231,293,76,40,23,38,120,445
Serge Ibaka,TOR,702,128,279,0.4588,41,103,0.3981,30,34,0.8824,29,127,156,15,7,33,39,76,327
Terrence Ross,TOR,1181,211,479,0.4405,96,256,0.3750,41,50,0.8200,14,124,138,45,53,20,33,82,559
Alec Burks,UTA,632,99,248,0.3992,25,76,0.3289,60,78,0.7692,17,103,120,30,18,5,35,50,283
Boris Diaw,UTA,1246,146,327,0.4465,20,81,0.2469,26,35,0.7429,46,112,158,170,18,9,87,83,338
Dante Exum,UTA,1192,155,363,0.4270,44,149,0.2953,58,73,0.7945,30,102,132,111,21,12,80,146,412
Derrick Favors,UTA,1163,203,417,0.4868,3,10,0.3000,67,109,0.6147,92,213,305,56,45,40,60,103,476
George Hill,UTA,1519,289,606,0.4769,94,233,0.4034,157,196,0.8010,23,144,167,204,50,11,85,114,829
Gordon Hayward,UTA,2479,545,1156,0.4715,149,374,0.3984,362,429,0.8438,49,345,394,252,73,20,140,117,1601
Jeff Withey,UTA,405,55,103,0.5340,0,1,0.0000,36,48,0.7500,52,69,121,7,16,32,14,52,146
Joe Ingles,UTA,1926,204,451,0.4523,123,279,0.4409,50,68,0.7353,23,238,261,225,96,8,107,163,581
Joe Johnson,UTA,1802,273,626,0.4361,106,258,0.4109,63,77,0.8182,33,210,243,144,36,18,69,93,715
Joel Bolomboy,UTA,46,9,16,0.5625,1,4,0.2500,3,6,0.5000,4,13,17,2,1,2,2,1,22
Raul Neto,UTA,327,41,91,0.4505,10,31,0.3226,8,9,0.8889,4,26,30,34,21,5,15,48,100
Rodney Hood,UTA,1567,272,666,0.4084,114,307,0.3713,90,115,0.7826,16,186,202,96,38,11,65,132,748
Rudy Gobert,UTA,2707,413,625,0.6608,0,1,0.0000,311,476,0.6534,314,721,1035,97,49,214,147,246,1137
Shelvin Mack,UTA,1178,170,381,0.4462,37,120,0.3083,53,77,0.6883,20,105,125,154,42,3,90,100,430
Trey Lyles,UTA,1119,159,439,0.3622,65,204,0.3186,57,79,0.7215,48,187,235,69,26,20,64,97,440
Andrew Nicholson,WAS,217,30,77,0.3896,3,16,0.1875,7,12,0.5833,11,23,34,7,11,6,11,37,70
Bojan Bogdanovic,WAS,589,107,234,0.4573,45,115,0.3913,71,76,0.9342,14,66,80,21,10,4,38,47,330
Bradley Beal,WAS,2644,637,1322,0.4818,223,552,0.4040,282,342,0.8246,53,187,240,267,83,21,156,169,1779
Brandon Jennings,WAS,363,29,106,0.2736,11,52,0.2115,12,17,0.7059,8,36,44,108,15,0,22,32,81
Chris McCullough,WAS,7,0,1,0.0000,0,1,0.0000,1,2,0.5000,0,2,2,0,1,0,1,0,1
Daniel Ochefu,WAS,65,12,27,0.4444,0,0,,0,2,0.0000,5,17,22,3,2,0,3,17,24
Danuel House,WAS,0,0,0,,0,0,,0,0,,0,1,1,0,0,0,0,0,0
Ian Mahinmi,WAS,540,65,111,0.5856,0,0,,43,75,0.5733,47,103,150,19,33,24,34,90,173
Jason Smith,WAS,1032,174,329,0.5289,37,78,0.4744,35,51,0.6863,64,194,258,37,21,54,58,168,420
John Wall,WAS,2795,647,1435,0.4509,89,272,0.3272,422,527,0.8008,59,267,326,831,157,49,322,151,1805
Kelly Oubre,WAS,1566,186,442,0.4208,54,188,0.2872,75,99,0.7576,61,200,261,47,58,17,50,195,501
Marcin Gortat,WAS,2511,390,674,0.5786,0,2,0.0000,103,159,0.6478,238,611,849,121,40,61,119,213,883
Marcus Thornton,WAS,557,84,210,0.4000,28,80,0.3500,23,27,0.8519,22,54,76,41,19,3,25,48,219
Markieff Morris,WAS,2341,406,889,0.4567,71,196,0.3622,180,215,0.8372,107,386,493,126,82,42,129,254,1063
Otto Porter,WAS,2567,414,803,0.5156,148,341,0.4340,99,119,0.8319,118,396,514,121,116,42,44,193,1075
Sheldon Mac,WAS,271,30,75,0.4000,7,30,0.2333,23,27,0.8519,4,30,34,15,8,2,5,17,90
Tomas Satoransky,WAS,691,61,147,0.4150,9,37,0.2432,23,33,0.6970,25,58,83,92,26,6,38,60,154
Trey Burke,WAS,678,116,255,0.4549,31,70,0.4429,22,29,0.7586,7,40,47,100,11,5,48,54,285
